"sample_id","donor_group","r","sigma","lambda","k_clusters"
"151507","G1","3","0.09","159.419679047942","7"
"151508","G1","3","0.09","142.57311067781","7"
"151509","G1","3","0.09","202.556129573309","7"
"151510","G1","3","0.09","158.202637040881","7"
"151669","G2","10","0.04","77.4390972626446","5"
"151670","G2","10","0.04","73.6159902090799","5"
"151671","G2","10","0.04","77.989707554328","5"
"151672","G2","10","0.04","75.8119521921803","5"
"151673","G3","8","0.08","87.7214174811382","7"
"151674","G3","8","0.08","105.797612147592","7"
"151675","G3","8","0.08","82.779771448939","7"
"151676","G3","8","0.08","78.6961120336086","7"
