"sample_id","group","HVG","combo_id","r","hidden_dim","hidden_layers","lambda_smooth","sigma_neighbor","lr","ARI","setting"
151507,"G1",500,"combo_15",9,64,3,0.015,0.18,5e-04,0.513,"C15"
151508,"G1",500,"combo_50",3,64,2,0.005,0.22,0.002,0.474,"C50"
151509,"G1",500,"combo_42",3,64,3,0.015,0.15,0.002,0.57,"C42"
151510,"G1",500,"combo_18",5,192,2,0.001,0.22,5e-04,0.427,"C18"
151669,"G2",200,"combo_39",11,192,2,0.003,0.15,0.002,0.38,"C39"
151670,"G2",200,"combo_47",5,96,3,0.015,0.2,0.002,0.412,"C47"
151671,"G2",500,"combo_01",7,128,3,0.003,0.12,5e-04,0.587,"C01"
151672,"G2",500,"combo_43",7,128,2,0.03,0.15,0.002,0.559,"C43"
151673,"G3",1000,"combo_25",5,64,3,0.03,0.15,0.008,0.455,"C25"
151674,"G3",500,"combo_23",3,96,1,0.01,0.15,0.008,0.428,"C23"
151675,"G3",500,"combo_29",3,192,2,0.03,0.25,0.008,0.476,"C29"
151676,"G3",1000,"combo_29",3,192,2,0.03,0.25,0.008,0.422,"C29"
