"r","hidden_dim","hidden_layers","lambda_smooth","sigma_neighbor","lr","lambda_weight","combo_id","panel","HVG","sample_scope","sample_seed","source_file","source","source_sample","seed_ARI","key"
7,128,3,0.003,0.12,5e-04,0,"combo_01","All12_HVG200",200,"G1_G2_candidate_panel",20260407,"realdata_nn_param_grid_all12_hvg200_500.csv",NA,NA,NA,NA
5,192,1,0.008,0.12,5e-04,0,"combo_02","All12_HVG200",200,"G1_G2_candidate_panel",20260407,"realdata_nn_param_grid_all12_hvg200_500.csv",NA,NA,NA,NA
3,64,1,0.02,0.12,5e-04,0,"combo_03","All12_HVG200",200,"G1_G2_candidate_panel",20260407,"realdata_nn_param_grid_all12_hvg200_500.csv",NA,NA,NA,NA
3,96,1,0.02,0.12,5e-04,0,"combo_04","All12_HVG200",200,"G1_G2_candidate_panel",20260407,"realdata_nn_param_grid_all12_hvg200_500.csv",NA,NA,NA,NA
3,192,1,0.02,0.12,5e-04,0,"combo_05","All12_HVG200",200,"G1_G2_candidate_panel",20260407,"realdata_nn_param_grid_all12_hvg200_500.csv",NA,NA,NA,NA
11,96,1,0.03,0.12,5e-04,0,"combo_06","All12_HVG200",200,"G1_G2_candidate_panel",20260407,"realdata_nn_param_grid_all12_hvg200_500.csv",NA,NA,NA,NA
9,192,3,0.003,0.15,5e-04,0,"combo_07","All12_HVG200",200,"G1_G2_candidate_panel",20260407,"realdata_nn_param_grid_all12_hvg200_500.csv",NA,NA,NA,NA
11,192,3,0.003,0.15,5e-04,0,"combo_08","All12_HVG200",200,"G1_G2_candidate_panel",20260407,"realdata_nn_param_grid_all12_hvg200_500.csv",NA,NA,NA,NA
5,64,3,0.02,0.15,5e-04,0,"combo_09","All12_HVG200",200,"G1_G2_candidate_panel",20260407,"realdata_nn_param_grid_all12_hvg200_500.csv",NA,NA,NA,NA
3,64,3,0.03,0.15,5e-04,0,"combo_10","All12_HVG200",200,"G1_G2_candidate_panel",20260407,"realdata_nn_param_grid_all12_hvg200_500.csv",NA,NA,NA,NA
9,192,2,0.003,0.18,5e-04,0,"combo_11","All12_HVG200",200,"G1_G2_candidate_panel",20260407,"realdata_nn_param_grid_all12_hvg200_500.csv",NA,NA,NA,NA
3,64,3,0.003,0.18,5e-04,0,"combo_12","All12_HVG200",200,"G1_G2_candidate_panel",20260407,"realdata_nn_param_grid_all12_hvg200_500.csv",NA,NA,NA,NA
3,128,1,0.005,0.18,5e-04,0,"combo_13","All12_HVG200",200,"G1_G2_candidate_panel",20260407,"realdata_nn_param_grid_all12_hvg200_500.csv",NA,NA,NA,NA
9,96,2,0.005,0.18,5e-04,0,"combo_14","All12_HVG200",200,"G1_G2_candidate_panel",20260407,"realdata_nn_param_grid_all12_hvg200_500.csv",NA,NA,NA,NA
9,64,3,0.015,0.18,5e-04,0,"combo_15","All12_HVG200",200,"G1_G2_candidate_panel",20260407,"realdata_nn_param_grid_all12_hvg200_500.csv",NA,NA,NA,NA
3,192,3,0.03,0.18,5e-04,0,"combo_16","All12_HVG200",200,"G1_G2_candidate_panel",20260407,"realdata_nn_param_grid_all12_hvg200_500.csv",NA,NA,NA,NA
9,96,2,0.008,0.2,5e-04,0,"combo_17","All12_HVG200",200,"G1_G2_candidate_panel",20260407,"realdata_nn_param_grid_all12_hvg200_500.csv",NA,NA,NA,NA
5,192,2,0.001,0.22,5e-04,0,"combo_18","All12_HVG200",200,"G1_G2_candidate_panel",20260407,"realdata_nn_param_grid_all12_hvg200_500.csv",NA,NA,NA,NA
7,128,3,0.003,0.22,5e-04,0,"combo_19","All12_HVG200",200,"G1_G2_candidate_panel",20260407,"realdata_nn_param_grid_all12_hvg200_500.csv",NA,NA,NA,NA
3,64,1,0.008,0.22,5e-04,0,"combo_20","All12_HVG200",200,"G1_G2_candidate_panel",20260407,"realdata_nn_param_grid_all12_hvg200_500.csv",NA,NA,NA,NA
9,128,2,0.003,0.12,0.001,0,"combo_21","All12_HVG200",200,"G1_G2_candidate_panel",20260407,"realdata_nn_param_grid_all12_hvg200_500.csv",NA,NA,NA,NA
7,128,3,0.015,0.12,0.001,0,"combo_22","All12_HVG200",200,"G1_G2_candidate_panel",20260407,"realdata_nn_param_grid_all12_hvg200_500.csv",NA,NA,NA,NA
5,128,1,0.03,0.12,0.001,0,"combo_23","All12_HVG200",200,"G1_G2_candidate_panel",20260407,"realdata_nn_param_grid_all12_hvg200_500.csv",NA,NA,NA,NA
3,192,2,0.001,0.15,0.001,0,"combo_24","All12_HVG200",200,"G1_G2_candidate_panel",20260407,"realdata_nn_param_grid_all12_hvg200_500.csv",NA,NA,NA,NA
11,128,3,0.01,0.15,0.001,0,"combo_25","All12_HVG200",200,"G1_G2_candidate_panel",20260407,"realdata_nn_param_grid_all12_hvg200_500.csv",NA,NA,NA,NA
7,192,1,0.015,0.15,0.001,0,"combo_26","All12_HVG200",200,"G1_G2_candidate_panel",20260407,"realdata_nn_param_grid_all12_hvg200_500.csv",NA,NA,NA,NA
7,128,1,0.02,0.15,0.001,0,"combo_27","All12_HVG200",200,"G1_G2_candidate_panel",20260407,"realdata_nn_param_grid_all12_hvg200_500.csv",NA,NA,NA,NA
3,128,3,0.02,0.15,0.001,0,"combo_28","All12_HVG200",200,"G1_G2_candidate_panel",20260407,"realdata_nn_param_grid_all12_hvg200_500.csv",NA,NA,NA,NA
7,192,3,0.015,0.18,0.001,0,"combo_29","All12_HVG200",200,"G1_G2_candidate_panel",20260407,"realdata_nn_param_grid_all12_hvg200_500.csv",NA,NA,NA,NA
7,64,1,0.03,0.18,0.001,0,"combo_30","All12_HVG200",200,"G1_G2_candidate_panel",20260407,"realdata_nn_param_grid_all12_hvg200_500.csv",NA,NA,NA,NA
11,128,1,0.001,0.2,0.001,0,"combo_31","All12_HVG200",200,"G1_G2_candidate_panel",20260407,"realdata_nn_param_grid_all12_hvg200_500.csv",NA,NA,NA,NA
11,64,1,0.003,0.2,0.001,0,"combo_32","All12_HVG200",200,"G1_G2_candidate_panel",20260407,"realdata_nn_param_grid_all12_hvg200_500.csv",NA,NA,NA,NA
7,64,1,0.005,0.2,0.001,0,"combo_33","All12_HVG200",200,"G1_G2_candidate_panel",20260407,"realdata_nn_param_grid_all12_hvg200_500.csv",NA,NA,NA,NA
11,128,1,0.008,0.2,0.001,0,"combo_34","All12_HVG200",200,"G1_G2_candidate_panel",20260407,"realdata_nn_param_grid_all12_hvg200_500.csv",NA,NA,NA,NA
7,96,2,0.008,0.2,0.001,0,"combo_35","All12_HVG200",200,"G1_G2_candidate_panel",20260407,"realdata_nn_param_grid_all12_hvg200_500.csv",NA,NA,NA,NA
9,64,1,0.01,0.22,0.001,0,"combo_36","All12_HVG200",200,"G1_G2_candidate_panel",20260407,"realdata_nn_param_grid_all12_hvg200_500.csv",NA,NA,NA,NA
5,128,2,0.02,0.22,0.001,0,"combo_37","All12_HVG200",200,"G1_G2_candidate_panel",20260407,"realdata_nn_param_grid_all12_hvg200_500.csv",NA,NA,NA,NA
3,128,3,0.03,0.22,0.001,0,"combo_38","All12_HVG200",200,"G1_G2_candidate_panel",20260407,"realdata_nn_param_grid_all12_hvg200_500.csv",NA,NA,NA,NA
11,192,2,0.003,0.15,0.002,0,"combo_39","All12_HVG200",200,"G1_G2_candidate_panel",20260407,"realdata_nn_param_grid_all12_hvg200_500.csv",NA,NA,NA,NA
5,192,1,0.008,0.15,0.002,0,"combo_40","All12_HVG200",200,"G1_G2_candidate_panel",20260407,"realdata_nn_param_grid_all12_hvg200_500.csv",NA,NA,NA,NA
5,64,1,0.01,0.15,0.002,0,"combo_41","All12_HVG200",200,"G1_G2_candidate_panel",20260407,"realdata_nn_param_grid_all12_hvg200_500.csv",NA,NA,NA,NA
3,64,3,0.015,0.15,0.002,0,"combo_42","All12_HVG200",200,"G1_G2_candidate_panel",20260407,"realdata_nn_param_grid_all12_hvg200_500.csv",NA,NA,NA,NA
7,128,2,0.03,0.15,0.002,0,"combo_43","All12_HVG200",200,"G1_G2_candidate_panel",20260407,"realdata_nn_param_grid_all12_hvg200_500.csv",NA,NA,NA,NA
3,192,3,0.01,0.18,0.002,0,"combo_44","All12_HVG200",200,"G1_G2_candidate_panel",20260407,"realdata_nn_param_grid_all12_hvg200_500.csv",NA,NA,NA,NA
5,64,2,0.02,0.18,0.002,0,"combo_45","All12_HVG200",200,"G1_G2_candidate_panel",20260407,"realdata_nn_param_grid_all12_hvg200_500.csv",NA,NA,NA,NA
7,96,1,0.003,0.2,0.002,0,"combo_46","All12_HVG200",200,"G1_G2_candidate_panel",20260407,"realdata_nn_param_grid_all12_hvg200_500.csv",NA,NA,NA,NA
5,96,3,0.015,0.2,0.002,0,"combo_47","All12_HVG200",200,"G1_G2_candidate_panel",20260407,"realdata_nn_param_grid_all12_hvg200_500.csv",NA,NA,NA,NA
7,64,2,0.003,0.22,0.002,0,"combo_48","All12_HVG200",200,"G1_G2_candidate_panel",20260407,"realdata_nn_param_grid_all12_hvg200_500.csv",NA,NA,NA,NA
7,64,1,0.005,0.22,0.002,0,"combo_49","All12_HVG200",200,"G1_G2_candidate_panel",20260407,"realdata_nn_param_grid_all12_hvg200_500.csv",NA,NA,NA,NA
3,64,2,0.005,0.22,0.002,0,"combo_50","All12_HVG200",200,"G1_G2_candidate_panel",20260407,"realdata_nn_param_grid_all12_hvg200_500.csv",NA,NA,NA,NA
7,128,3,0.003,0.12,5e-04,0,"combo_01","All12_HVG500",500,"G1_G2_candidate_panel",20260407,"realdata_nn_param_grid_all12_hvg200_500.csv",NA,NA,NA,NA
5,192,1,0.008,0.12,5e-04,0,"combo_02","All12_HVG500",500,"G1_G2_candidate_panel",20260407,"realdata_nn_param_grid_all12_hvg200_500.csv",NA,NA,NA,NA
3,64,1,0.02,0.12,5e-04,0,"combo_03","All12_HVG500",500,"G1_G2_candidate_panel",20260407,"realdata_nn_param_grid_all12_hvg200_500.csv",NA,NA,NA,NA
3,96,1,0.02,0.12,5e-04,0,"combo_04","All12_HVG500",500,"G1_G2_candidate_panel",20260407,"realdata_nn_param_grid_all12_hvg200_500.csv",NA,NA,NA,NA
3,192,1,0.02,0.12,5e-04,0,"combo_05","All12_HVG500",500,"G1_G2_candidate_panel",20260407,"realdata_nn_param_grid_all12_hvg200_500.csv",NA,NA,NA,NA
11,96,1,0.03,0.12,5e-04,0,"combo_06","All12_HVG500",500,"G1_G2_candidate_panel",20260407,"realdata_nn_param_grid_all12_hvg200_500.csv",NA,NA,NA,NA
9,192,3,0.003,0.15,5e-04,0,"combo_07","All12_HVG500",500,"G1_G2_candidate_panel",20260407,"realdata_nn_param_grid_all12_hvg200_500.csv",NA,NA,NA,NA
11,192,3,0.003,0.15,5e-04,0,"combo_08","All12_HVG500",500,"G1_G2_candidate_panel",20260407,"realdata_nn_param_grid_all12_hvg200_500.csv",NA,NA,NA,NA
5,64,3,0.02,0.15,5e-04,0,"combo_09","All12_HVG500",500,"G1_G2_candidate_panel",20260407,"realdata_nn_param_grid_all12_hvg200_500.csv",NA,NA,NA,NA
3,64,3,0.03,0.15,5e-04,0,"combo_10","All12_HVG500",500,"G1_G2_candidate_panel",20260407,"realdata_nn_param_grid_all12_hvg200_500.csv",NA,NA,NA,NA
9,192,2,0.003,0.18,5e-04,0,"combo_11","All12_HVG500",500,"G1_G2_candidate_panel",20260407,"realdata_nn_param_grid_all12_hvg200_500.csv",NA,NA,NA,NA
3,64,3,0.003,0.18,5e-04,0,"combo_12","All12_HVG500",500,"G1_G2_candidate_panel",20260407,"realdata_nn_param_grid_all12_hvg200_500.csv",NA,NA,NA,NA
3,128,1,0.005,0.18,5e-04,0,"combo_13","All12_HVG500",500,"G1_G2_candidate_panel",20260407,"realdata_nn_param_grid_all12_hvg200_500.csv",NA,NA,NA,NA
9,96,2,0.005,0.18,5e-04,0,"combo_14","All12_HVG500",500,"G1_G2_candidate_panel",20260407,"realdata_nn_param_grid_all12_hvg200_500.csv",NA,NA,NA,NA
9,64,3,0.015,0.18,5e-04,0,"combo_15","All12_HVG500",500,"G1_G2_candidate_panel",20260407,"realdata_nn_param_grid_all12_hvg200_500.csv",NA,NA,NA,NA
3,192,3,0.03,0.18,5e-04,0,"combo_16","All12_HVG500",500,"G1_G2_candidate_panel",20260407,"realdata_nn_param_grid_all12_hvg200_500.csv",NA,NA,NA,NA
9,96,2,0.008,0.2,5e-04,0,"combo_17","All12_HVG500",500,"G1_G2_candidate_panel",20260407,"realdata_nn_param_grid_all12_hvg200_500.csv",NA,NA,NA,NA
5,192,2,0.001,0.22,5e-04,0,"combo_18","All12_HVG500",500,"G1_G2_candidate_panel",20260407,"realdata_nn_param_grid_all12_hvg200_500.csv",NA,NA,NA,NA
7,128,3,0.003,0.22,5e-04,0,"combo_19","All12_HVG500",500,"G1_G2_candidate_panel",20260407,"realdata_nn_param_grid_all12_hvg200_500.csv",NA,NA,NA,NA
3,64,1,0.008,0.22,5e-04,0,"combo_20","All12_HVG500",500,"G1_G2_candidate_panel",20260407,"realdata_nn_param_grid_all12_hvg200_500.csv",NA,NA,NA,NA
9,128,2,0.003,0.12,0.001,0,"combo_21","All12_HVG500",500,"G1_G2_candidate_panel",20260407,"realdata_nn_param_grid_all12_hvg200_500.csv",NA,NA,NA,NA
7,128,3,0.015,0.12,0.001,0,"combo_22","All12_HVG500",500,"G1_G2_candidate_panel",20260407,"realdata_nn_param_grid_all12_hvg200_500.csv",NA,NA,NA,NA
5,128,1,0.03,0.12,0.001,0,"combo_23","All12_HVG500",500,"G1_G2_candidate_panel",20260407,"realdata_nn_param_grid_all12_hvg200_500.csv",NA,NA,NA,NA
3,192,2,0.001,0.15,0.001,0,"combo_24","All12_HVG500",500,"G1_G2_candidate_panel",20260407,"realdata_nn_param_grid_all12_hvg200_500.csv",NA,NA,NA,NA
11,128,3,0.01,0.15,0.001,0,"combo_25","All12_HVG500",500,"G1_G2_candidate_panel",20260407,"realdata_nn_param_grid_all12_hvg200_500.csv",NA,NA,NA,NA
7,192,1,0.015,0.15,0.001,0,"combo_26","All12_HVG500",500,"G1_G2_candidate_panel",20260407,"realdata_nn_param_grid_all12_hvg200_500.csv",NA,NA,NA,NA
7,128,1,0.02,0.15,0.001,0,"combo_27","All12_HVG500",500,"G1_G2_candidate_panel",20260407,"realdata_nn_param_grid_all12_hvg200_500.csv",NA,NA,NA,NA
3,128,3,0.02,0.15,0.001,0,"combo_28","All12_HVG500",500,"G1_G2_candidate_panel",20260407,"realdata_nn_param_grid_all12_hvg200_500.csv",NA,NA,NA,NA
7,192,3,0.015,0.18,0.001,0,"combo_29","All12_HVG500",500,"G1_G2_candidate_panel",20260407,"realdata_nn_param_grid_all12_hvg200_500.csv",NA,NA,NA,NA
7,64,1,0.03,0.18,0.001,0,"combo_30","All12_HVG500",500,"G1_G2_candidate_panel",20260407,"realdata_nn_param_grid_all12_hvg200_500.csv",NA,NA,NA,NA
11,128,1,0.001,0.2,0.001,0,"combo_31","All12_HVG500",500,"G1_G2_candidate_panel",20260407,"realdata_nn_param_grid_all12_hvg200_500.csv",NA,NA,NA,NA
11,64,1,0.003,0.2,0.001,0,"combo_32","All12_HVG500",500,"G1_G2_candidate_panel",20260407,"realdata_nn_param_grid_all12_hvg200_500.csv",NA,NA,NA,NA
7,64,1,0.005,0.2,0.001,0,"combo_33","All12_HVG500",500,"G1_G2_candidate_panel",20260407,"realdata_nn_param_grid_all12_hvg200_500.csv",NA,NA,NA,NA
11,128,1,0.008,0.2,0.001,0,"combo_34","All12_HVG500",500,"G1_G2_candidate_panel",20260407,"realdata_nn_param_grid_all12_hvg200_500.csv",NA,NA,NA,NA
7,96,2,0.008,0.2,0.001,0,"combo_35","All12_HVG500",500,"G1_G2_candidate_panel",20260407,"realdata_nn_param_grid_all12_hvg200_500.csv",NA,NA,NA,NA
9,64,1,0.01,0.22,0.001,0,"combo_36","All12_HVG500",500,"G1_G2_candidate_panel",20260407,"realdata_nn_param_grid_all12_hvg200_500.csv",NA,NA,NA,NA
5,128,2,0.02,0.22,0.001,0,"combo_37","All12_HVG500",500,"G1_G2_candidate_panel",20260407,"realdata_nn_param_grid_all12_hvg200_500.csv",NA,NA,NA,NA
3,128,3,0.03,0.22,0.001,0,"combo_38","All12_HVG500",500,"G1_G2_candidate_panel",20260407,"realdata_nn_param_grid_all12_hvg200_500.csv",NA,NA,NA,NA
11,192,2,0.003,0.15,0.002,0,"combo_39","All12_HVG500",500,"G1_G2_candidate_panel",20260407,"realdata_nn_param_grid_all12_hvg200_500.csv",NA,NA,NA,NA
5,192,1,0.008,0.15,0.002,0,"combo_40","All12_HVG500",500,"G1_G2_candidate_panel",20260407,"realdata_nn_param_grid_all12_hvg200_500.csv",NA,NA,NA,NA
5,64,1,0.01,0.15,0.002,0,"combo_41","All12_HVG500",500,"G1_G2_candidate_panel",20260407,"realdata_nn_param_grid_all12_hvg200_500.csv",NA,NA,NA,NA
3,64,3,0.015,0.15,0.002,0,"combo_42","All12_HVG500",500,"G1_G2_candidate_panel",20260407,"realdata_nn_param_grid_all12_hvg200_500.csv",NA,NA,NA,NA
7,128,2,0.03,0.15,0.002,0,"combo_43","All12_HVG500",500,"G1_G2_candidate_panel",20260407,"realdata_nn_param_grid_all12_hvg200_500.csv",NA,NA,NA,NA
3,192,3,0.01,0.18,0.002,0,"combo_44","All12_HVG500",500,"G1_G2_candidate_panel",20260407,"realdata_nn_param_grid_all12_hvg200_500.csv",NA,NA,NA,NA
5,64,2,0.02,0.18,0.002,0,"combo_45","All12_HVG500",500,"G1_G2_candidate_panel",20260407,"realdata_nn_param_grid_all12_hvg200_500.csv",NA,NA,NA,NA
7,96,1,0.003,0.2,0.002,0,"combo_46","All12_HVG500",500,"G1_G2_candidate_panel",20260407,"realdata_nn_param_grid_all12_hvg200_500.csv",NA,NA,NA,NA
5,96,3,0.015,0.2,0.002,0,"combo_47","All12_HVG500",500,"G1_G2_candidate_panel",20260407,"realdata_nn_param_grid_all12_hvg200_500.csv",NA,NA,NA,NA
7,64,2,0.003,0.22,0.002,0,"combo_48","All12_HVG500",500,"G1_G2_candidate_panel",20260407,"realdata_nn_param_grid_all12_hvg200_500.csv",NA,NA,NA,NA
7,64,1,0.005,0.22,0.002,0,"combo_49","All12_HVG500",500,"G1_G2_candidate_panel",20260407,"realdata_nn_param_grid_all12_hvg200_500.csv",NA,NA,NA,NA
3,64,2,0.005,0.22,0.002,0,"combo_50","All12_HVG500",500,"G1_G2_candidate_panel",20260407,"realdata_nn_param_grid_all12_hvg200_500.csv",NA,NA,NA,NA
5,32,2,0.001,0.3,0.001,NA,"combo_01","G3_seeded_default_panel",NA,"G3_seeded_default_panel",NA,"realdata_nn_param_grid_g3_seeded.csv","top10_seed",151507,0.624510422042205,"5|32|2|1e-03|0.30|1e-03"
11,32,2,0.01,0.25,0.001,NA,"combo_02","G3_seeded_default_panel",NA,"G3_seeded_default_panel",NA,"realdata_nn_param_grid_g3_seeded.csv","top10_seed",151507,0.532632786013713,"11|32|2|1e-02|0.25|1e-03"
5,128,2,0.1,0.15,0.005,NA,"combo_03","G3_seeded_default_panel",NA,"G3_seeded_default_panel",NA,"realdata_nn_param_grid_g3_seeded.csv","top10_seed",151507,0.530599553290129,"5|128|2|1e-01|0.15|5e-03"
9,128,2,0.1,0.15,0.001,NA,"combo_04","G3_seeded_default_panel",NA,"G3_seeded_default_panel",NA,"realdata_nn_param_grid_g3_seeded.csv","top10_seed",151507,0.481389531328195,"9|128|2|1e-01|0.15|1e-03"
7,128,1,0.003,0.25,0.001,NA,"combo_05","G3_seeded_default_panel",NA,"G3_seeded_default_panel",NA,"realdata_nn_param_grid_g3_seeded.csv","top10_seed",151507,0.48028621918709,"7|128|1|3e-03|0.25|1e-03"
11,64,2,0.01,0.25,0.001,NA,"combo_06","G3_seeded_default_panel",NA,"G3_seeded_default_panel",NA,"realdata_nn_param_grid_g3_seeded.csv","top10_seed",151507,0.471907722517739,"11|64|2|1e-02|0.25|1e-03"
9,32,2,0.001,0.2,0.001,NA,"combo_07","G3_seeded_default_panel",NA,"G3_seeded_default_panel",NA,"realdata_nn_param_grid_g3_seeded.csv","top10_seed",151507,0.470951781497,"9|32|2|1e-03|0.20|1e-03"
11,32,2,0.03,0.25,0.001,NA,"combo_08","G3_seeded_default_panel",NA,"G3_seeded_default_panel",NA,"realdata_nn_param_grid_g3_seeded.csv","top10_seed",151507,0.454392692429011,"11|32|2|3e-02|0.25|1e-03"
3,128,2,0.01,0.25,0.005,NA,"combo_09","G3_seeded_default_panel",NA,"G3_seeded_default_panel",NA,"realdata_nn_param_grid_g3_seeded.csv","top10_seed",151507,0.436198321208578,"3|128|2|1e-02|0.25|5e-03"
7,128,2,0.03,0.15,0.001,NA,"combo_10","G3_seeded_default_panel",NA,"G3_seeded_default_panel",NA,"realdata_nn_param_grid_g3_seeded.csv","top10_seed",151507,0.434602145258706,"7|128|2|3e-02|0.15|1e-03"
7,128,1,0.03,0.15,0.001,NA,"combo_11","G3_seeded_default_panel",NA,"G3_seeded_default_panel",NA,"realdata_nn_param_grid_g3_seeded.csv","top10_seed",151508,0.483575600571715,"7|128|1|3e-02|0.15|1e-03"
9,32,2,0.003,0.2,0.001,NA,"combo_12","G3_seeded_default_panel",NA,"G3_seeded_default_panel",NA,"realdata_nn_param_grid_g3_seeded.csv","top10_seed",151508,0.470716080340095,"9|32|2|3e-03|0.20|1e-03"
7,128,1,0.1,0.1,0.001,NA,"combo_13","G3_seeded_default_panel",NA,"G3_seeded_default_panel",NA,"realdata_nn_param_grid_g3_seeded.csv","top10_seed",151508,0.427427610208806,"7|128|1|1e-01|0.10|1e-03"
3,64,1,0.03,0.1,0.001,NA,"combo_14","G3_seeded_default_panel",NA,"G3_seeded_default_panel",NA,"realdata_nn_param_grid_g3_seeded.csv","top10_seed",151508,0.40164834816765,"3|64|1|3e-02|0.10|1e-03"
7,64,1,0.003,0.2,0.001,NA,"combo_15","G3_seeded_default_panel",NA,"G3_seeded_default_panel",NA,"realdata_nn_param_grid_g3_seeded.csv","top10_seed",151508,0.391206780612666,"7|64|1|3e-03|0.20|1e-03"
11,32,1,0.03,0.15,0.001,NA,"combo_16","G3_seeded_default_panel",NA,"G3_seeded_default_panel",NA,"realdata_nn_param_grid_g3_seeded.csv","top10_seed",151508,0.390941132959984,"11|32|1|3e-02|0.15|1e-03"
3,64,2,0.01,0.3,0.005,NA,"combo_17","G3_seeded_default_panel",NA,"G3_seeded_default_panel",NA,"realdata_nn_param_grid_g3_seeded.csv","top10_seed",151508,0.371583898964188,"3|64|2|1e-02|0.30|5e-03"
3,32,2,0.03,0.2,0.001,NA,"combo_18","G3_seeded_default_panel",NA,"G3_seeded_default_panel",NA,"realdata_nn_param_grid_g3_seeded.csv","top10_seed",151509,0.553093953821025,"3|32|2|3e-02|0.20|1e-03"
3,128,2,0.003,0.3,0.001,NA,"combo_19","G3_seeded_default_panel",NA,"G3_seeded_default_panel",NA,"realdata_nn_param_grid_g3_seeded.csv","top10_seed",151509,0.519229867360545,"3|128|2|3e-03|0.30|1e-03"
7,64,2,0.03,0.2,0.001,NA,"combo_20","G3_seeded_default_panel",NA,"G3_seeded_default_panel",NA,"realdata_nn_param_grid_g3_seeded.csv","top10_seed",151509,0.46500988916795,"7|64|2|3e-02|0.20|1e-03"
11,128,2,0.1,0.2,0.001,NA,"combo_21","G3_seeded_default_panel",NA,"G3_seeded_default_panel",NA,"realdata_nn_param_grid_g3_seeded.csv","top10_seed",151509,0.424906903263351,"11|128|2|1e-01|0.20|1e-03"
12,32,1,0.012,0.28,0.001,NA,"combo_22","G3_seeded_default_panel",NA,"G3_seeded_default_panel",NA,"realdata_nn_param_grid_g3_seeded.csv","neighbor",151507,0.532632786013713,"12|32|1|1.2e-02|0.28|1e-03"
2,64,2,0.045,0.09,8e-04,NA,"combo_23","G3_seeded_default_panel",NA,"G3_seeded_default_panel",NA,"realdata_nn_param_grid_g3_seeded.csv","neighbor",151508,0.40164834816765,"2|64|2|4.5e-02|0.09|8e-04"
10,96,1,0.2,0.12,0.0015,NA,"combo_24","G3_seeded_default_panel",NA,"G3_seeded_default_panel",NA,"realdata_nn_param_grid_g3_seeded.csv","neighbor",151507,0.481389531328195,"10|96|1|2e-01|0.12|1.5e-03"
11,32,2,0.0015,0.21,5e-04,NA,"combo_25","G3_seeded_default_panel",NA,"G3_seeded_default_panel",NA,"realdata_nn_param_grid_g3_seeded.csv","neighbor",151508,0.470716080340095,"11|32|2|1.5e-03|0.21|5e-04"
7,32,3,5e-04,0.21,0.002,NA,"combo_26","G3_seeded_default_panel",NA,"G3_seeded_default_panel",NA,"realdata_nn_param_grid_g3_seeded.csv","neighbor",151507,0.470951781497,"7|32|3|5e-04|0.21|2e-03"
7,32,1,8e-04,0.35,0.001,NA,"combo_27","G3_seeded_default_panel",NA,"G3_seeded_default_panel",NA,"realdata_nn_param_grid_g3_seeded.csv","neighbor",151507,0.624510422042205,"7|32|1|8e-04|0.35|1e-03"
11,144,3,0.08,0.21,5e-04,NA,"combo_28","G3_seeded_default_panel",NA,"G3_seeded_default_panel",NA,"realdata_nn_param_grid_g3_seeded.csv","neighbor",151509,0.424906903263351,"11|144|3|8e-02|0.21|5e-04"
4,48,2,0.06,0.15,0.002,NA,"combo_29","G3_seeded_default_panel",NA,"G3_seeded_default_panel",NA,"realdata_nn_param_grid_g3_seeded.csv","neighbor",151508,0.40164834816765,"4|48|2|6e-02|0.15|2e-03"
5,96,1,0.0024,0.29,0.001,NA,"combo_30","G3_seeded_default_panel",NA,"G3_seeded_default_panel",NA,"realdata_nn_param_grid_g3_seeded.csv","neighbor",151509,0.519229867360545,"5|96|1|2.4e-03|0.29|1e-03"
8,64,2,0.03,0.22,0.0012,NA,"combo_31","G3_seeded_default_panel",NA,"G3_seeded_default_panel",NA,"realdata_nn_param_grid_g3_seeded.csv","neighbor",151509,0.46500988916795,"8|64|2|3e-02|0.22|1.2e-03"
11,32,1,0.0015,0.22,0.001,NA,"combo_32","G3_seeded_default_panel",NA,"G3_seeded_default_panel",NA,"realdata_nn_param_grid_g3_seeded.csv","neighbor",151508,0.470716080340095,"11|32|1|1.5e-03|0.22|1e-03"
2,64,1,0.024,0.1,0.002,NA,"combo_33","G3_seeded_default_panel",NA,"G3_seeded_default_panel",NA,"realdata_nn_param_grid_g3_seeded.csv","neighbor",151508,0.40164834816765,"2|64|1|2.4e-02|0.1|2e-03"
12,48,1,0.012,0.27,0.0015,NA,"combo_34","G3_seeded_default_panel",NA,"G3_seeded_default_panel",NA,"realdata_nn_param_grid_g3_seeded.csv","neighbor",151507,0.471907722517739,"12|48|1|1.2e-02|0.27|1.5e-03"
9,112,1,0.15,0.1,0.002,NA,"combo_35","G3_seeded_default_panel",NA,"G3_seeded_default_panel",NA,"realdata_nn_param_grid_g3_seeded.csv","neighbor",151508,0.427427610208806,"9|112|1|1.5e-01|0.1|2e-03"
10,64,1,0.005,0.28,0.001,NA,"combo_36","G3_seeded_default_panel",NA,"G3_seeded_default_panel",NA,"realdata_nn_param_grid_g3_seeded.csv","neighbor",151507,0.471907722517739,"10|64|1|5e-03|0.28|1e-03"
10,144,2,0.1,0.2,0.002,NA,"combo_37","G3_seeded_default_panel",NA,"G3_seeded_default_panel",NA,"realdata_nn_param_grid_g3_seeded.csv","neighbor",151507,0.481389531328195,"10|144|2|1e-01|0.2|2e-03"
10,32,1,0.045,0.14,0.002,NA,"combo_38","G3_seeded_default_panel",NA,"G3_seeded_default_panel",NA,"realdata_nn_param_grid_g3_seeded.csv","neighbor",151508,0.390941132959984,"10|32|1|4.5e-02|0.14|2e-03"
3,32,1,8e-04,0.27,5e-04,NA,"combo_39","G3_seeded_default_panel",NA,"G3_seeded_default_panel",NA,"realdata_nn_param_grid_g3_seeded.csv","neighbor",151507,0.624510422042205,"3|32|1|8e-04|0.27|5e-04"
13,32,2,0.03,0.22,8e-04,NA,"combo_40","G3_seeded_default_panel",NA,"G3_seeded_default_panel",NA,"realdata_nn_param_grid_g3_seeded.csv","neighbor",151507,0.454392692429011,"13|32|2|3e-02|0.22|8e-04"
3,144,3,0.0045,0.31,0.0015,NA,"combo_41","G3_seeded_default_panel",NA,"G3_seeded_default_panel",NA,"realdata_nn_param_grid_g3_seeded.csv","neighbor",151509,0.519229867360545,"3|144|3|4.5e-03|0.31|1.5e-03"
10,64,3,0.02,0.27,0.0012,NA,"combo_42","G3_seeded_default_panel",NA,"G3_seeded_default_panel",NA,"realdata_nn_param_grid_g3_seeded.csv","neighbor",151507,0.471907722517739,"10|64|3|2e-02|0.27|1.2e-03"
7,128,2,0.045,0.17,5e-04,NA,"combo_43","G3_seeded_default_panel",NA,"G3_seeded_default_panel",NA,"realdata_nn_param_grid_g3_seeded.csv","neighbor",151508,0.483575600571715,"7|128|2|4.5e-02|0.17|5e-04"
7,112,3,0.2,0.18,0.0075,NA,"combo_44","G3_seeded_default_panel",NA,"G3_seeded_default_panel",NA,"realdata_nn_param_grid_g3_seeded.csv","neighbor",151507,0.530599553290129,"7|112|3|2e-01|0.18|7.5e-03"
13,32,2,0.005,0.3,0.001,NA,"combo_45","G3_seeded_default_panel",NA,"G3_seeded_default_panel",NA,"realdata_nn_param_grid_g3_seeded.csv","neighbor",151507,0.532632786013713,"13|32|2|5e-03|0.3|1e-03"
2,64,1,0.036,0.09,8e-04,NA,"combo_46","G3_seeded_default_panel",NA,"G3_seeded_default_panel",NA,"realdata_nn_param_grid_g3_seeded.csv","neighbor",151508,0.40164834816765,"2|64|1|3.6e-02|0.09|8e-04"
13,32,1,0.015,0.13,0.0012,NA,"combo_47","G3_seeded_default_panel",NA,"G3_seeded_default_panel",NA,"realdata_nn_param_grid_g3_seeded.csv","neighbor",151508,0.390941132959984,"13|32|1|1.5e-02|0.13|1.2e-03"
5,112,2,0.045,0.15,8e-04,NA,"combo_48","G3_seeded_default_panel",NA,"G3_seeded_default_panel",NA,"realdata_nn_param_grid_g3_seeded.csv","neighbor",151507,0.434602145258706,"5|112|2|4.5e-02|0.15|8e-04"
11,48,3,0.012,0.28,8e-04,NA,"combo_49","G3_seeded_default_panel",NA,"G3_seeded_default_panel",NA,"realdata_nn_param_grid_g3_seeded.csv","neighbor",151507,0.471907722517739,"11|48|3|1.2e-02|0.28|8e-04"
7,32,1,0.003,0.18,0.001,NA,"combo_50","G3_seeded_default_panel",NA,"G3_seeded_default_panel",NA,"realdata_nn_param_grid_g3_seeded.csv","neighbor",151508,0.470716080340095,"7|32|1|3e-03|0.18|1e-03"
5,128,2,0.01,0.15,0.003,0,"combo_01","G3_Targeted_HVG200",200,"G3_targeted_candidate_panel",20260408,"realdata_nn_param_grid_g3_targeted.csv",NA,NA,NA,NA
7,32,1,0.05,0.15,0.003,0,"combo_02","G3_Targeted_HVG200",200,"G3_targeted_candidate_panel",20260408,"realdata_nn_param_grid_g3_targeted.csv",NA,NA,NA,NA
3,64,3,0.05,0.3,0.003,0,"combo_03","G3_Targeted_HVG200",200,"G3_targeted_candidate_panel",20260408,"realdata_nn_param_grid_g3_targeted.csv",NA,NA,NA,NA
7,192,3,0.08,0.3,0.003,0,"combo_04","G3_Targeted_HVG200",200,"G3_targeted_candidate_panel",20260408,"realdata_nn_param_grid_g3_targeted.csv",NA,NA,NA,NA
5,128,2,0.1,0.3,0.003,0,"combo_05","G3_Targeted_HVG200",200,"G3_targeted_candidate_panel",20260408,"realdata_nn_param_grid_g3_targeted.csv",NA,NA,NA,NA
3,64,1,0.05,0.35,0.003,0,"combo_06","G3_Targeted_HVG200",200,"G3_targeted_candidate_panel",20260408,"realdata_nn_param_grid_g3_targeted.csv",NA,NA,NA,NA
9,32,1,0.08,0.35,0.003,0,"combo_07","G3_Targeted_HVG200",200,"G3_targeted_candidate_panel",20260408,"realdata_nn_param_grid_g3_targeted.csv",NA,NA,NA,NA
5,64,2,0.1,0.4,0.003,0,"combo_08","G3_Targeted_HVG200",200,"G3_targeted_candidate_panel",20260408,"realdata_nn_param_grid_g3_targeted.csv",NA,NA,NA,NA
9,192,2,0.1,0.4,0.003,0,"combo_09","G3_Targeted_HVG200",200,"G3_targeted_candidate_panel",20260408,"realdata_nn_param_grid_g3_targeted.csv",NA,NA,NA,NA
3,128,3,0.1,0.4,0.003,0,"combo_10","G3_Targeted_HVG200",200,"G3_targeted_candidate_panel",20260408,"realdata_nn_param_grid_g3_targeted.csv",NA,NA,NA,NA
9,64,1,0.02,0.15,0.005,0,"combo_11","G3_Targeted_HVG200",200,"G3_targeted_candidate_panel",20260408,"realdata_nn_param_grid_g3_targeted.csv",NA,NA,NA,NA
3,192,3,0.03,0.15,0.005,0,"combo_12","G3_Targeted_HVG200",200,"G3_targeted_candidate_panel",20260408,"realdata_nn_param_grid_g3_targeted.csv",NA,NA,NA,NA
9,192,3,0.02,0.2,0.005,0,"combo_13","G3_Targeted_HVG200",200,"G3_targeted_candidate_panel",20260408,"realdata_nn_param_grid_g3_targeted.csv",NA,NA,NA,NA
7,32,2,0.03,0.2,0.005,0,"combo_14","G3_Targeted_HVG200",200,"G3_targeted_candidate_panel",20260408,"realdata_nn_param_grid_g3_targeted.csv",NA,NA,NA,NA
9,192,2,0.03,0.2,0.005,0,"combo_15","G3_Targeted_HVG200",200,"G3_targeted_candidate_panel",20260408,"realdata_nn_param_grid_g3_targeted.csv",NA,NA,NA,NA
3,64,1,0.05,0.2,0.005,0,"combo_16","G3_Targeted_HVG200",200,"G3_targeted_candidate_panel",20260408,"realdata_nn_param_grid_g3_targeted.csv",NA,NA,NA,NA
3,128,3,0.08,0.25,0.005,0,"combo_17","G3_Targeted_HVG200",200,"G3_targeted_candidate_panel",20260408,"realdata_nn_param_grid_g3_targeted.csv",NA,NA,NA,NA
3,96,2,0.1,0.25,0.005,0,"combo_18","G3_Targeted_HVG200",200,"G3_targeted_candidate_panel",20260408,"realdata_nn_param_grid_g3_targeted.csv",NA,NA,NA,NA
7,64,2,0.08,0.3,0.005,0,"combo_19","G3_Targeted_HVG200",200,"G3_targeted_candidate_panel",20260408,"realdata_nn_param_grid_g3_targeted.csv",NA,NA,NA,NA
7,32,2,0.01,0.35,0.005,0,"combo_20","G3_Targeted_HVG200",200,"G3_targeted_candidate_panel",20260408,"realdata_nn_param_grid_g3_targeted.csv",NA,NA,NA,NA
3,128,2,0.05,0.4,0.005,0,"combo_21","G3_Targeted_HVG200",200,"G3_targeted_candidate_panel",20260408,"realdata_nn_param_grid_g3_targeted.csv",NA,NA,NA,NA
5,32,3,0.1,0.4,0.005,0,"combo_22","G3_Targeted_HVG200",200,"G3_targeted_candidate_panel",20260408,"realdata_nn_param_grid_g3_targeted.csv",NA,NA,NA,NA
3,96,1,0.01,0.15,0.008,0,"combo_23","G3_Targeted_HVG200",200,"G3_targeted_candidate_panel",20260408,"realdata_nn_param_grid_g3_targeted.csv",NA,NA,NA,NA
3,64,1,0.03,0.15,0.008,0,"combo_24","G3_Targeted_HVG200",200,"G3_targeted_candidate_panel",20260408,"realdata_nn_param_grid_g3_targeted.csv",NA,NA,NA,NA
5,64,3,0.03,0.15,0.008,0,"combo_25","G3_Targeted_HVG200",200,"G3_targeted_candidate_panel",20260408,"realdata_nn_param_grid_g3_targeted.csv",NA,NA,NA,NA
7,64,2,0.1,0.15,0.008,0,"combo_26","G3_Targeted_HVG200",200,"G3_targeted_candidate_panel",20260408,"realdata_nn_param_grid_g3_targeted.csv",NA,NA,NA,NA
9,192,3,0.02,0.2,0.008,0,"combo_27","G3_Targeted_HVG200",200,"G3_targeted_candidate_panel",20260408,"realdata_nn_param_grid_g3_targeted.csv",NA,NA,NA,NA
3,192,3,0.01,0.25,0.008,0,"combo_28","G3_Targeted_HVG200",200,"G3_targeted_candidate_panel",20260408,"realdata_nn_param_grid_g3_targeted.csv",NA,NA,NA,NA
3,192,2,0.03,0.25,0.008,0,"combo_29","G3_Targeted_HVG200",200,"G3_targeted_candidate_panel",20260408,"realdata_nn_param_grid_g3_targeted.csv",NA,NA,NA,NA
7,192,2,0.01,0.3,0.008,0,"combo_30","G3_Targeted_HVG200",200,"G3_targeted_candidate_panel",20260408,"realdata_nn_param_grid_g3_targeted.csv",NA,NA,NA,NA
7,128,3,0.02,0.3,0.008,0,"combo_31","G3_Targeted_HVG200",200,"G3_targeted_candidate_panel",20260408,"realdata_nn_param_grid_g3_targeted.csv",NA,NA,NA,NA
9,128,1,0.05,0.3,0.008,0,"combo_32","G3_Targeted_HVG200",200,"G3_targeted_candidate_panel",20260408,"realdata_nn_param_grid_g3_targeted.csv",NA,NA,NA,NA
5,32,2,0.1,0.35,0.008,0,"combo_33","G3_Targeted_HVG200",200,"G3_targeted_candidate_panel",20260408,"realdata_nn_param_grid_g3_targeted.csv",NA,NA,NA,NA
7,32,1,0.01,0.4,0.008,0,"combo_34","G3_Targeted_HVG200",200,"G3_targeted_candidate_panel",20260408,"realdata_nn_param_grid_g3_targeted.csv",NA,NA,NA,NA
7,192,2,0.05,0.4,0.008,0,"combo_35","G3_Targeted_HVG200",200,"G3_targeted_candidate_panel",20260408,"realdata_nn_param_grid_g3_targeted.csv",NA,NA,NA,NA
5,64,1,0.1,0.15,0.01,0,"combo_36","G3_Targeted_HVG200",200,"G3_targeted_candidate_panel",20260408,"realdata_nn_param_grid_g3_targeted.csv",NA,NA,NA,NA
5,128,1,0.03,0.25,0.01,0,"combo_37","G3_Targeted_HVG200",200,"G3_targeted_candidate_panel",20260408,"realdata_nn_param_grid_g3_targeted.csv",NA,NA,NA,NA
5,128,3,0.1,0.25,0.01,0,"combo_38","G3_Targeted_HVG200",200,"G3_targeted_candidate_panel",20260408,"realdata_nn_param_grid_g3_targeted.csv",NA,NA,NA,NA
9,192,3,0.03,0.3,0.01,0,"combo_39","G3_Targeted_HVG200",200,"G3_targeted_candidate_panel",20260408,"realdata_nn_param_grid_g3_targeted.csv",NA,NA,NA,NA
3,192,3,0.05,0.3,0.01,0,"combo_40","G3_Targeted_HVG200",200,"G3_targeted_candidate_panel",20260408,"realdata_nn_param_grid_g3_targeted.csv",NA,NA,NA,NA
9,32,2,0.1,0.3,0.01,0,"combo_41","G3_Targeted_HVG200",200,"G3_targeted_candidate_panel",20260408,"realdata_nn_param_grid_g3_targeted.csv",NA,NA,NA,NA
3,64,1,0.02,0.35,0.01,0,"combo_42","G3_Targeted_HVG200",200,"G3_targeted_candidate_panel",20260408,"realdata_nn_param_grid_g3_targeted.csv",NA,NA,NA,NA
7,128,2,0.02,0.35,0.01,0,"combo_43","G3_Targeted_HVG200",200,"G3_targeted_candidate_panel",20260408,"realdata_nn_param_grid_g3_targeted.csv",NA,NA,NA,NA
7,192,1,0.03,0.35,0.01,0,"combo_44","G3_Targeted_HVG200",200,"G3_targeted_candidate_panel",20260408,"realdata_nn_param_grid_g3_targeted.csv",NA,NA,NA,NA
5,96,2,0.03,0.35,0.01,0,"combo_45","G3_Targeted_HVG200",200,"G3_targeted_candidate_panel",20260408,"realdata_nn_param_grid_g3_targeted.csv",NA,NA,NA,NA
9,192,1,0.05,0.35,0.01,0,"combo_46","G3_Targeted_HVG200",200,"G3_targeted_candidate_panel",20260408,"realdata_nn_param_grid_g3_targeted.csv",NA,NA,NA,NA
3,96,1,0.02,0.4,0.01,0,"combo_47","G3_Targeted_HVG200",200,"G3_targeted_candidate_panel",20260408,"realdata_nn_param_grid_g3_targeted.csv",NA,NA,NA,NA
9,64,3,0.02,0.4,0.01,0,"combo_48","G3_Targeted_HVG200",200,"G3_targeted_candidate_panel",20260408,"realdata_nn_param_grid_g3_targeted.csv",NA,NA,NA,NA
5,128,3,0.05,0.4,0.01,0,"combo_49","G3_Targeted_HVG200",200,"G3_targeted_candidate_panel",20260408,"realdata_nn_param_grid_g3_targeted.csv",NA,NA,NA,NA
9,96,2,0.1,0.4,0.01,0,"combo_50","G3_Targeted_HVG200",200,"G3_targeted_candidate_panel",20260408,"realdata_nn_param_grid_g3_targeted.csv",NA,NA,NA,NA
5,128,2,0.01,0.15,0.003,0,"combo_01","G3_Targeted_HVG500",500,"G3_targeted_candidate_panel",20260408,"realdata_nn_param_grid_g3_targeted.csv",NA,NA,NA,NA
7,32,1,0.05,0.15,0.003,0,"combo_02","G3_Targeted_HVG500",500,"G3_targeted_candidate_panel",20260408,"realdata_nn_param_grid_g3_targeted.csv",NA,NA,NA,NA
3,64,3,0.05,0.3,0.003,0,"combo_03","G3_Targeted_HVG500",500,"G3_targeted_candidate_panel",20260408,"realdata_nn_param_grid_g3_targeted.csv",NA,NA,NA,NA
7,192,3,0.08,0.3,0.003,0,"combo_04","G3_Targeted_HVG500",500,"G3_targeted_candidate_panel",20260408,"realdata_nn_param_grid_g3_targeted.csv",NA,NA,NA,NA
5,128,2,0.1,0.3,0.003,0,"combo_05","G3_Targeted_HVG500",500,"G3_targeted_candidate_panel",20260408,"realdata_nn_param_grid_g3_targeted.csv",NA,NA,NA,NA
3,64,1,0.05,0.35,0.003,0,"combo_06","G3_Targeted_HVG500",500,"G3_targeted_candidate_panel",20260408,"realdata_nn_param_grid_g3_targeted.csv",NA,NA,NA,NA
9,32,1,0.08,0.35,0.003,0,"combo_07","G3_Targeted_HVG500",500,"G3_targeted_candidate_panel",20260408,"realdata_nn_param_grid_g3_targeted.csv",NA,NA,NA,NA
5,64,2,0.1,0.4,0.003,0,"combo_08","G3_Targeted_HVG500",500,"G3_targeted_candidate_panel",20260408,"realdata_nn_param_grid_g3_targeted.csv",NA,NA,NA,NA
9,192,2,0.1,0.4,0.003,0,"combo_09","G3_Targeted_HVG500",500,"G3_targeted_candidate_panel",20260408,"realdata_nn_param_grid_g3_targeted.csv",NA,NA,NA,NA
3,128,3,0.1,0.4,0.003,0,"combo_10","G3_Targeted_HVG500",500,"G3_targeted_candidate_panel",20260408,"realdata_nn_param_grid_g3_targeted.csv",NA,NA,NA,NA
9,64,1,0.02,0.15,0.005,0,"combo_11","G3_Targeted_HVG500",500,"G3_targeted_candidate_panel",20260408,"realdata_nn_param_grid_g3_targeted.csv",NA,NA,NA,NA
3,192,3,0.03,0.15,0.005,0,"combo_12","G3_Targeted_HVG500",500,"G3_targeted_candidate_panel",20260408,"realdata_nn_param_grid_g3_targeted.csv",NA,NA,NA,NA
9,192,3,0.02,0.2,0.005,0,"combo_13","G3_Targeted_HVG500",500,"G3_targeted_candidate_panel",20260408,"realdata_nn_param_grid_g3_targeted.csv",NA,NA,NA,NA
7,32,2,0.03,0.2,0.005,0,"combo_14","G3_Targeted_HVG500",500,"G3_targeted_candidate_panel",20260408,"realdata_nn_param_grid_g3_targeted.csv",NA,NA,NA,NA
9,192,2,0.03,0.2,0.005,0,"combo_15","G3_Targeted_HVG500",500,"G3_targeted_candidate_panel",20260408,"realdata_nn_param_grid_g3_targeted.csv",NA,NA,NA,NA
3,64,1,0.05,0.2,0.005,0,"combo_16","G3_Targeted_HVG500",500,"G3_targeted_candidate_panel",20260408,"realdata_nn_param_grid_g3_targeted.csv",NA,NA,NA,NA
3,128,3,0.08,0.25,0.005,0,"combo_17","G3_Targeted_HVG500",500,"G3_targeted_candidate_panel",20260408,"realdata_nn_param_grid_g3_targeted.csv",NA,NA,NA,NA
3,96,2,0.1,0.25,0.005,0,"combo_18","G3_Targeted_HVG500",500,"G3_targeted_candidate_panel",20260408,"realdata_nn_param_grid_g3_targeted.csv",NA,NA,NA,NA
7,64,2,0.08,0.3,0.005,0,"combo_19","G3_Targeted_HVG500",500,"G3_targeted_candidate_panel",20260408,"realdata_nn_param_grid_g3_targeted.csv",NA,NA,NA,NA
7,32,2,0.01,0.35,0.005,0,"combo_20","G3_Targeted_HVG500",500,"G3_targeted_candidate_panel",20260408,"realdata_nn_param_grid_g3_targeted.csv",NA,NA,NA,NA
3,128,2,0.05,0.4,0.005,0,"combo_21","G3_Targeted_HVG500",500,"G3_targeted_candidate_panel",20260408,"realdata_nn_param_grid_g3_targeted.csv",NA,NA,NA,NA
5,32,3,0.1,0.4,0.005,0,"combo_22","G3_Targeted_HVG500",500,"G3_targeted_candidate_panel",20260408,"realdata_nn_param_grid_g3_targeted.csv",NA,NA,NA,NA
3,96,1,0.01,0.15,0.008,0,"combo_23","G3_Targeted_HVG500",500,"G3_targeted_candidate_panel",20260408,"realdata_nn_param_grid_g3_targeted.csv",NA,NA,NA,NA
3,64,1,0.03,0.15,0.008,0,"combo_24","G3_Targeted_HVG500",500,"G3_targeted_candidate_panel",20260408,"realdata_nn_param_grid_g3_targeted.csv",NA,NA,NA,NA
5,64,3,0.03,0.15,0.008,0,"combo_25","G3_Targeted_HVG500",500,"G3_targeted_candidate_panel",20260408,"realdata_nn_param_grid_g3_targeted.csv",NA,NA,NA,NA
7,64,2,0.1,0.15,0.008,0,"combo_26","G3_Targeted_HVG500",500,"G3_targeted_candidate_panel",20260408,"realdata_nn_param_grid_g3_targeted.csv",NA,NA,NA,NA
9,192,3,0.02,0.2,0.008,0,"combo_27","G3_Targeted_HVG500",500,"G3_targeted_candidate_panel",20260408,"realdata_nn_param_grid_g3_targeted.csv",NA,NA,NA,NA
3,192,3,0.01,0.25,0.008,0,"combo_28","G3_Targeted_HVG500",500,"G3_targeted_candidate_panel",20260408,"realdata_nn_param_grid_g3_targeted.csv",NA,NA,NA,NA
3,192,2,0.03,0.25,0.008,0,"combo_29","G3_Targeted_HVG500",500,"G3_targeted_candidate_panel",20260408,"realdata_nn_param_grid_g3_targeted.csv",NA,NA,NA,NA
7,192,2,0.01,0.3,0.008,0,"combo_30","G3_Targeted_HVG500",500,"G3_targeted_candidate_panel",20260408,"realdata_nn_param_grid_g3_targeted.csv",NA,NA,NA,NA
7,128,3,0.02,0.3,0.008,0,"combo_31","G3_Targeted_HVG500",500,"G3_targeted_candidate_panel",20260408,"realdata_nn_param_grid_g3_targeted.csv",NA,NA,NA,NA
9,128,1,0.05,0.3,0.008,0,"combo_32","G3_Targeted_HVG500",500,"G3_targeted_candidate_panel",20260408,"realdata_nn_param_grid_g3_targeted.csv",NA,NA,NA,NA
5,32,2,0.1,0.35,0.008,0,"combo_33","G3_Targeted_HVG500",500,"G3_targeted_candidate_panel",20260408,"realdata_nn_param_grid_g3_targeted.csv",NA,NA,NA,NA
7,32,1,0.01,0.4,0.008,0,"combo_34","G3_Targeted_HVG500",500,"G3_targeted_candidate_panel",20260408,"realdata_nn_param_grid_g3_targeted.csv",NA,NA,NA,NA
7,192,2,0.05,0.4,0.008,0,"combo_35","G3_Targeted_HVG500",500,"G3_targeted_candidate_panel",20260408,"realdata_nn_param_grid_g3_targeted.csv",NA,NA,NA,NA
5,64,1,0.1,0.15,0.01,0,"combo_36","G3_Targeted_HVG500",500,"G3_targeted_candidate_panel",20260408,"realdata_nn_param_grid_g3_targeted.csv",NA,NA,NA,NA
5,128,1,0.03,0.25,0.01,0,"combo_37","G3_Targeted_HVG500",500,"G3_targeted_candidate_panel",20260408,"realdata_nn_param_grid_g3_targeted.csv",NA,NA,NA,NA
5,128,3,0.1,0.25,0.01,0,"combo_38","G3_Targeted_HVG500",500,"G3_targeted_candidate_panel",20260408,"realdata_nn_param_grid_g3_targeted.csv",NA,NA,NA,NA
9,192,3,0.03,0.3,0.01,0,"combo_39","G3_Targeted_HVG500",500,"G3_targeted_candidate_panel",20260408,"realdata_nn_param_grid_g3_targeted.csv",NA,NA,NA,NA
3,192,3,0.05,0.3,0.01,0,"combo_40","G3_Targeted_HVG500",500,"G3_targeted_candidate_panel",20260408,"realdata_nn_param_grid_g3_targeted.csv",NA,NA,NA,NA
9,32,2,0.1,0.3,0.01,0,"combo_41","G3_Targeted_HVG500",500,"G3_targeted_candidate_panel",20260408,"realdata_nn_param_grid_g3_targeted.csv",NA,NA,NA,NA
3,64,1,0.02,0.35,0.01,0,"combo_42","G3_Targeted_HVG500",500,"G3_targeted_candidate_panel",20260408,"realdata_nn_param_grid_g3_targeted.csv",NA,NA,NA,NA
7,128,2,0.02,0.35,0.01,0,"combo_43","G3_Targeted_HVG500",500,"G3_targeted_candidate_panel",20260408,"realdata_nn_param_grid_g3_targeted.csv",NA,NA,NA,NA
7,192,1,0.03,0.35,0.01,0,"combo_44","G3_Targeted_HVG500",500,"G3_targeted_candidate_panel",20260408,"realdata_nn_param_grid_g3_targeted.csv",NA,NA,NA,NA
5,96,2,0.03,0.35,0.01,0,"combo_45","G3_Targeted_HVG500",500,"G3_targeted_candidate_panel",20260408,"realdata_nn_param_grid_g3_targeted.csv",NA,NA,NA,NA
9,192,1,0.05,0.35,0.01,0,"combo_46","G3_Targeted_HVG500",500,"G3_targeted_candidate_panel",20260408,"realdata_nn_param_grid_g3_targeted.csv",NA,NA,NA,NA
3,96,1,0.02,0.4,0.01,0,"combo_47","G3_Targeted_HVG500",500,"G3_targeted_candidate_panel",20260408,"realdata_nn_param_grid_g3_targeted.csv",NA,NA,NA,NA
9,64,3,0.02,0.4,0.01,0,"combo_48","G3_Targeted_HVG500",500,"G3_targeted_candidate_panel",20260408,"realdata_nn_param_grid_g3_targeted.csv",NA,NA,NA,NA
5,128,3,0.05,0.4,0.01,0,"combo_49","G3_Targeted_HVG500",500,"G3_targeted_candidate_panel",20260408,"realdata_nn_param_grid_g3_targeted.csv",NA,NA,NA,NA
9,96,2,0.1,0.4,0.01,0,"combo_50","G3_Targeted_HVG500",500,"G3_targeted_candidate_panel",20260408,"realdata_nn_param_grid_g3_targeted.csv",NA,NA,NA,NA
5,128,2,0.01,0.15,0.003,0,"combo_01","G3_Targeted_HVG1000",1000,"G3_targeted_candidate_panel",20260408,"realdata_nn_param_grid_g3_targeted.csv",NA,NA,NA,NA
7,32,1,0.05,0.15,0.003,0,"combo_02","G3_Targeted_HVG1000",1000,"G3_targeted_candidate_panel",20260408,"realdata_nn_param_grid_g3_targeted.csv",NA,NA,NA,NA
3,64,3,0.05,0.3,0.003,0,"combo_03","G3_Targeted_HVG1000",1000,"G3_targeted_candidate_panel",20260408,"realdata_nn_param_grid_g3_targeted.csv",NA,NA,NA,NA
7,192,3,0.08,0.3,0.003,0,"combo_04","G3_Targeted_HVG1000",1000,"G3_targeted_candidate_panel",20260408,"realdata_nn_param_grid_g3_targeted.csv",NA,NA,NA,NA
5,128,2,0.1,0.3,0.003,0,"combo_05","G3_Targeted_HVG1000",1000,"G3_targeted_candidate_panel",20260408,"realdata_nn_param_grid_g3_targeted.csv",NA,NA,NA,NA
3,64,1,0.05,0.35,0.003,0,"combo_06","G3_Targeted_HVG1000",1000,"G3_targeted_candidate_panel",20260408,"realdata_nn_param_grid_g3_targeted.csv",NA,NA,NA,NA
9,32,1,0.08,0.35,0.003,0,"combo_07","G3_Targeted_HVG1000",1000,"G3_targeted_candidate_panel",20260408,"realdata_nn_param_grid_g3_targeted.csv",NA,NA,NA,NA
5,64,2,0.1,0.4,0.003,0,"combo_08","G3_Targeted_HVG1000",1000,"G3_targeted_candidate_panel",20260408,"realdata_nn_param_grid_g3_targeted.csv",NA,NA,NA,NA
9,192,2,0.1,0.4,0.003,0,"combo_09","G3_Targeted_HVG1000",1000,"G3_targeted_candidate_panel",20260408,"realdata_nn_param_grid_g3_targeted.csv",NA,NA,NA,NA
3,128,3,0.1,0.4,0.003,0,"combo_10","G3_Targeted_HVG1000",1000,"G3_targeted_candidate_panel",20260408,"realdata_nn_param_grid_g3_targeted.csv",NA,NA,NA,NA
9,64,1,0.02,0.15,0.005,0,"combo_11","G3_Targeted_HVG1000",1000,"G3_targeted_candidate_panel",20260408,"realdata_nn_param_grid_g3_targeted.csv",NA,NA,NA,NA
3,192,3,0.03,0.15,0.005,0,"combo_12","G3_Targeted_HVG1000",1000,"G3_targeted_candidate_panel",20260408,"realdata_nn_param_grid_g3_targeted.csv",NA,NA,NA,NA
9,192,3,0.02,0.2,0.005,0,"combo_13","G3_Targeted_HVG1000",1000,"G3_targeted_candidate_panel",20260408,"realdata_nn_param_grid_g3_targeted.csv",NA,NA,NA,NA
7,32,2,0.03,0.2,0.005,0,"combo_14","G3_Targeted_HVG1000",1000,"G3_targeted_candidate_panel",20260408,"realdata_nn_param_grid_g3_targeted.csv",NA,NA,NA,NA
9,192,2,0.03,0.2,0.005,0,"combo_15","G3_Targeted_HVG1000",1000,"G3_targeted_candidate_panel",20260408,"realdata_nn_param_grid_g3_targeted.csv",NA,NA,NA,NA
3,64,1,0.05,0.2,0.005,0,"combo_16","G3_Targeted_HVG1000",1000,"G3_targeted_candidate_panel",20260408,"realdata_nn_param_grid_g3_targeted.csv",NA,NA,NA,NA
3,128,3,0.08,0.25,0.005,0,"combo_17","G3_Targeted_HVG1000",1000,"G3_targeted_candidate_panel",20260408,"realdata_nn_param_grid_g3_targeted.csv",NA,NA,NA,NA
3,96,2,0.1,0.25,0.005,0,"combo_18","G3_Targeted_HVG1000",1000,"G3_targeted_candidate_panel",20260408,"realdata_nn_param_grid_g3_targeted.csv",NA,NA,NA,NA
7,64,2,0.08,0.3,0.005,0,"combo_19","G3_Targeted_HVG1000",1000,"G3_targeted_candidate_panel",20260408,"realdata_nn_param_grid_g3_targeted.csv",NA,NA,NA,NA
7,32,2,0.01,0.35,0.005,0,"combo_20","G3_Targeted_HVG1000",1000,"G3_targeted_candidate_panel",20260408,"realdata_nn_param_grid_g3_targeted.csv",NA,NA,NA,NA
3,128,2,0.05,0.4,0.005,0,"combo_21","G3_Targeted_HVG1000",1000,"G3_targeted_candidate_panel",20260408,"realdata_nn_param_grid_g3_targeted.csv",NA,NA,NA,NA
5,32,3,0.1,0.4,0.005,0,"combo_22","G3_Targeted_HVG1000",1000,"G3_targeted_candidate_panel",20260408,"realdata_nn_param_grid_g3_targeted.csv",NA,NA,NA,NA
3,96,1,0.01,0.15,0.008,0,"combo_23","G3_Targeted_HVG1000",1000,"G3_targeted_candidate_panel",20260408,"realdata_nn_param_grid_g3_targeted.csv",NA,NA,NA,NA
3,64,1,0.03,0.15,0.008,0,"combo_24","G3_Targeted_HVG1000",1000,"G3_targeted_candidate_panel",20260408,"realdata_nn_param_grid_g3_targeted.csv",NA,NA,NA,NA
5,64,3,0.03,0.15,0.008,0,"combo_25","G3_Targeted_HVG1000",1000,"G3_targeted_candidate_panel",20260408,"realdata_nn_param_grid_g3_targeted.csv",NA,NA,NA,NA
7,64,2,0.1,0.15,0.008,0,"combo_26","G3_Targeted_HVG1000",1000,"G3_targeted_candidate_panel",20260408,"realdata_nn_param_grid_g3_targeted.csv",NA,NA,NA,NA
9,192,3,0.02,0.2,0.008,0,"combo_27","G3_Targeted_HVG1000",1000,"G3_targeted_candidate_panel",20260408,"realdata_nn_param_grid_g3_targeted.csv",NA,NA,NA,NA
3,192,3,0.01,0.25,0.008,0,"combo_28","G3_Targeted_HVG1000",1000,"G3_targeted_candidate_panel",20260408,"realdata_nn_param_grid_g3_targeted.csv",NA,NA,NA,NA
3,192,2,0.03,0.25,0.008,0,"combo_29","G3_Targeted_HVG1000",1000,"G3_targeted_candidate_panel",20260408,"realdata_nn_param_grid_g3_targeted.csv",NA,NA,NA,NA
7,192,2,0.01,0.3,0.008,0,"combo_30","G3_Targeted_HVG1000",1000,"G3_targeted_candidate_panel",20260408,"realdata_nn_param_grid_g3_targeted.csv",NA,NA,NA,NA
7,128,3,0.02,0.3,0.008,0,"combo_31","G3_Targeted_HVG1000",1000,"G3_targeted_candidate_panel",20260408,"realdata_nn_param_grid_g3_targeted.csv",NA,NA,NA,NA
9,128,1,0.05,0.3,0.008,0,"combo_32","G3_Targeted_HVG1000",1000,"G3_targeted_candidate_panel",20260408,"realdata_nn_param_grid_g3_targeted.csv",NA,NA,NA,NA
5,32,2,0.1,0.35,0.008,0,"combo_33","G3_Targeted_HVG1000",1000,"G3_targeted_candidate_panel",20260408,"realdata_nn_param_grid_g3_targeted.csv",NA,NA,NA,NA
7,32,1,0.01,0.4,0.008,0,"combo_34","G3_Targeted_HVG1000",1000,"G3_targeted_candidate_panel",20260408,"realdata_nn_param_grid_g3_targeted.csv",NA,NA,NA,NA
7,192,2,0.05,0.4,0.008,0,"combo_35","G3_Targeted_HVG1000",1000,"G3_targeted_candidate_panel",20260408,"realdata_nn_param_grid_g3_targeted.csv",NA,NA,NA,NA
5,64,1,0.1,0.15,0.01,0,"combo_36","G3_Targeted_HVG1000",1000,"G3_targeted_candidate_panel",20260408,"realdata_nn_param_grid_g3_targeted.csv",NA,NA,NA,NA
5,128,1,0.03,0.25,0.01,0,"combo_37","G3_Targeted_HVG1000",1000,"G3_targeted_candidate_panel",20260408,"realdata_nn_param_grid_g3_targeted.csv",NA,NA,NA,NA
5,128,3,0.1,0.25,0.01,0,"combo_38","G3_Targeted_HVG1000",1000,"G3_targeted_candidate_panel",20260408,"realdata_nn_param_grid_g3_targeted.csv",NA,NA,NA,NA
9,192,3,0.03,0.3,0.01,0,"combo_39","G3_Targeted_HVG1000",1000,"G3_targeted_candidate_panel",20260408,"realdata_nn_param_grid_g3_targeted.csv",NA,NA,NA,NA
3,192,3,0.05,0.3,0.01,0,"combo_40","G3_Targeted_HVG1000",1000,"G3_targeted_candidate_panel",20260408,"realdata_nn_param_grid_g3_targeted.csv",NA,NA,NA,NA
9,32,2,0.1,0.3,0.01,0,"combo_41","G3_Targeted_HVG1000",1000,"G3_targeted_candidate_panel",20260408,"realdata_nn_param_grid_g3_targeted.csv",NA,NA,NA,NA
3,64,1,0.02,0.35,0.01,0,"combo_42","G3_Targeted_HVG1000",1000,"G3_targeted_candidate_panel",20260408,"realdata_nn_param_grid_g3_targeted.csv",NA,NA,NA,NA
7,128,2,0.02,0.35,0.01,0,"combo_43","G3_Targeted_HVG1000",1000,"G3_targeted_candidate_panel",20260408,"realdata_nn_param_grid_g3_targeted.csv",NA,NA,NA,NA
7,192,1,0.03,0.35,0.01,0,"combo_44","G3_Targeted_HVG1000",1000,"G3_targeted_candidate_panel",20260408,"realdata_nn_param_grid_g3_targeted.csv",NA,NA,NA,NA
5,96,2,0.03,0.35,0.01,0,"combo_45","G3_Targeted_HVG1000",1000,"G3_targeted_candidate_panel",20260408,"realdata_nn_param_grid_g3_targeted.csv",NA,NA,NA,NA
9,192,1,0.05,0.35,0.01,0,"combo_46","G3_Targeted_HVG1000",1000,"G3_targeted_candidate_panel",20260408,"realdata_nn_param_grid_g3_targeted.csv",NA,NA,NA,NA
3,96,1,0.02,0.4,0.01,0,"combo_47","G3_Targeted_HVG1000",1000,"G3_targeted_candidate_panel",20260408,"realdata_nn_param_grid_g3_targeted.csv",NA,NA,NA,NA
9,64,3,0.02,0.4,0.01,0,"combo_48","G3_Targeted_HVG1000",1000,"G3_targeted_candidate_panel",20260408,"realdata_nn_param_grid_g3_targeted.csv",NA,NA,NA,NA
5,128,3,0.05,0.4,0.01,0,"combo_49","G3_Targeted_HVG1000",1000,"G3_targeted_candidate_panel",20260408,"realdata_nn_param_grid_g3_targeted.csv",NA,NA,NA,NA
9,96,2,0.1,0.4,0.01,0,"combo_50","G3_Targeted_HVG1000",1000,"G3_targeted_candidate_panel",20260408,"realdata_nn_param_grid_g3_targeted.csv",NA,NA,NA,NA
