"combo_id","r","hidden_dim","hidden_layers","lambda_smooth","sigma_neighbor","lr"
"combo_01","5","128","2","0.01","0.15","0.003"
"combo_02","7","32","1","0.05","0.15","0.003"
"combo_03","3","64","3","0.05","0.3","0.003"
"combo_04","7","192","3","0.08","0.3","0.003"
"combo_05","5","128","2","0.1","0.3","0.003"
"combo_06","3","64","1","0.05","0.35","0.003"
"combo_07","9","32","1","0.08","0.35","0.003"
"combo_08","5","64","2","0.1","0.4","0.003"
"combo_09","9","192","2","0.1","0.4","0.003"
"combo_10","3","128","3","0.1","0.4","0.003"
"combo_11","9","64","1","0.02","0.15","0.005"
"combo_12","3","192","3","0.03","0.15","0.005"
"combo_13","9","192","3","0.02","0.2","0.005"
"combo_14","7","32","2","0.03","0.2","0.005"
"combo_15","9","192","2","0.03","0.2","0.005"
"combo_16","3","64","1","0.05","0.2","0.005"
"combo_17","3","128","3","0.08","0.25","0.005"
"combo_18","3","96","2","0.1","0.25","0.005"
"combo_19","7","64","2","0.08","0.3","0.005"
"combo_20","7","32","2","0.01","0.35","0.005"
"combo_21","3","128","2","0.05","0.4","0.005"
"combo_22","5","32","3","0.1","0.4","0.005"
"combo_23","3","96","1","0.01","0.15","0.008"
"combo_24","3","64","1","0.03","0.15","0.008"
"combo_25","5","64","3","0.03","0.15","0.008"
"combo_26","7","64","2","0.1","0.15","0.008"
"combo_27","9","192","3","0.02","0.2","0.008"
"combo_28","3","192","3","0.01","0.25","0.008"
"combo_29","3","192","2","0.03","0.25","0.008"
"combo_30","7","192","2","0.01","0.3","0.008"
"combo_31","7","128","3","0.02","0.3","0.008"
"combo_32","9","128","1","0.05","0.3","0.008"
"combo_33","5","32","2","0.1","0.35","0.008"
"combo_34","7","32","1","0.01","0.4","0.008"
"combo_35","7","192","2","0.05","0.4","0.008"
"combo_36","5","64","1","0.1","0.15","0.01"
"combo_37","5","128","1","0.03","0.25","0.01"
"combo_38","5","128","3","0.1","0.25","0.01"
"combo_39","9","192","3","0.03","0.3","0.01"
"combo_40","3","192","3","0.05","0.3","0.01"
"combo_41","9","32","2","0.1","0.3","0.01"
"combo_42","3","64","1","0.02","0.35","0.01"
"combo_43","7","128","2","0.02","0.35","0.01"
"combo_44","7","192","1","0.03","0.35","0.01"
"combo_45","5","96","2","0.03","0.35","0.01"
"combo_46","9","192","1","0.05","0.35","0.01"
"combo_47","3","96","1","0.02","0.4","0.01"
"combo_48","9","64","3","0.02","0.4","0.01"
"combo_49","5","128","3","0.05","0.4","0.01"
"combo_50","9","96","2","0.1","0.4","0.01"
