"sample_id","donor_group","r","sigma","lambda","k_clusters","ARI","NMI","CHAOS","PAS_pct"
"151507","G1",3,0.09,159.419679047942,7,0.520463251780782,0.668988823598964,0.0752191423833215,1.51622838190002
"151508","G1",3,0.09,142.57311067781,7,0.437942919464398,0.553947171649077,0.077569809023815,2.37388724035608
"151509","G1",3,0.09,202.556129573309,7,0.475671340671985,0.609637692041301,0.0779727095516569,1.33667502088555
"151510","G1",3,0.09,158.202637040881,7,0.349461108499402,0.546613995186796,0.0881755531374683,1.5233949945593
"151669","G2",10,0.04,77.4390972626446,5,0.367167409231923,0.469645566477631,0.0769160249358269,3.05280528052805
"151670","G2",10,0.04,73.6159902090799,5,0.370111764018522,0.473542941128161,0.0729525449674703,2.55453501722158
"151671","G2",10,0.04,77.989707554328,5,0.553829001607966,0.619520491167383,0.063930287482694,1.95455655998045
"151672","G2",10,0.04,75.8119521921803,5,0.606589628253452,0.684100675200496,0.0603137860082305,2.05761316872428
"151673","G3",8,0.08,87.7214174811382,7,0.635979577275387,0.72538295562002,0.0876950060001846,2.13237330379396
"151674","G3",8,0.08,105.797612147592,7,0.383259085092753,0.510879347268981,0.0732232920678588,1.89821182943604
"151675","G3",8,0.08,82.779771448939,7,0.560947424165159,0.652991020219014,0.0774911198354833,2.01906898485698
"151676","G3",8,0.08,78.6961120336086,7,0.458216750036611,0.578791393037034,0.0735937044593413,1.57388516467502
