simulation,rep,seed1,seed2,nn,spatialpca,bayesspace,kmeans
simulation1,1,1796089827,,1021877154,323225054,449250873,1896888027
simulation1,2,692085254,,96723071,49074421,1648449382,1811679000
simulation1,3,443981941,,478862504,469473976,1163703295,1146441493
simulation1,4,1958691960,,986457441,2127512608,1629320022,1452375457
simulation1,5,1751300543,,330904197,1730078178,344409056,13740501
simulation1,6,1713684516,,1580994247,161449058,1305962854,1057109036
simulation1,7,1860313530,,1979147577,528124763,870536881,715941322
simulation1,8,1153635853,,1325727160,872577461,1948171425,1112151218
simulation1,9,1983716392,,1505492383,1518871178,1070619759,849677165
simulation1,10,371357019,,973369819,1581942083,798718514,215789015
simulation1,11,1679830327,,365980578,1106138352,1518252990,1991207636
simulation1,12,401864493,,1784652941,422414385,1055281419,1858252219
simulation1,13,1591649261,,433932033,1761763249,957756856,1359465485
simulation1,14,335715980,,1842565497,2086286126,682262178,1186404557
simulation1,15,1000075644,,2071347139,215357384,1533202902,2035319588
simulation1,16,965611114,,1870940314,1200883056,1990473147,1474494343
simulation1,17,1550127264,,1799421014,135676386,1509268240,1625192433
simulation1,18,1854651336,,856914493,848790498,533962425,1954567636
simulation1,19,1227664048,,2000595001,885310007,1827518928,1656562409
simulation1,20,1136229500,,83613466,188119231,1614172342,645094044
simulation1,21,1086525604,,1586121637,154851203,274900007,1122864451
simulation1,22,1043258566,,1121883423,1590347932,2105440947,1553418893
simulation1,23,1335202436,,768518405,1461848061,546350299,1215253743
simulation1,24,1940308999,,179439630,71503331,83902494,384889881
simulation1,25,1795095667,,770821419,1279004847,1084712079,1043032393
simulation1,26,195103697,,449788559,1140847226,2010376507,251187697
simulation1,27,844222705,,1033647134,70478617,896095561,383239992
simulation1,28,657325219,,1038040809,1556863784,1648727857,709332606
simulation1,29,1996654902,,1862291812,1355098280,18296132,1623486847
simulation1,30,2122670459,,1649470106,502722006,957577747,1227731406
simulation1,31,1982781305,,485898086,1373039937,520618098,1886983215
simulation1,32,413726100,,1519493942,56579622,1761819732,1800427196
simulation1,33,927205944,,120293278,1999240428,1777237382,1376744424
simulation1,34,1123117025,,94039613,434053857,176625107,1950781651
simulation1,35,1206954923,,1462096145,2052013929,512784056,1543271297
simulation1,36,149266449,,409318077,419838984,1059472697,1511535934
simulation1,37,1591878325,,330626647,424316345,1081128317,743358551
simulation1,38,119780121,,1149111215,429495478,1028251223,1832824947
simulation1,39,1516414920,,1289943565,1787213577,1268780145,1335091044
simulation1,40,1257355038,,1795270926,1220415575,1989151883,1995941161
simulation1,41,239163108,,1630231789,1080548107,1604859064,1945952443
simulation1,42,739740914,,1818072417,783241062,907947151,1471841695
simulation1,43,1810123917,,734139008,291497692,1268356951,1618654561
simulation1,44,725599770,,1507156146,693432167,994087502,890143665
simulation1,45,548066764,,717569295,57562072,1926224298,1535287307
simulation1,46,508491174,,384055321,2041596959,1454291841,761842573
simulation1,47,408041718,,858154817,946068467,211887917,596364145
simulation1,48,1634687010,,1888456403,924576560,2079288750,964488180
simulation1,49,822557158,,674960995,19294549,1419441361,405606241
simulation1,50,1501522644,,231078406,1212254949,2104150020,1296273418
simulation1,51,1917215439,,691077911,1176858990,999668632,840975497
simulation1,52,1852972430,,208291779,1410853268,1937335165,1966179152
simulation1,53,1908636903,,84443179,1778269852,920968825,358273070
simulation1,54,1077282660,,1065382050,481615718,1367134075,1374769363
simulation1,55,326480529,,492245513,991947486,1754610622,436547327
simulation1,56,2064849891,,1626558981,189925931,381074928,1799919284
simulation1,57,1436511016,,1614754816,951857756,1706115955,113627690
simulation1,58,493829608,,231252573,521594375,312266874,4402687
simulation1,59,238849276,,1832728617,662323157,1965654555,1305911904
simulation1,60,833805451,,1220997059,1338857647,1903262462,2138035563
simulation1,61,1650448329,,1574574096,202049492,532088600,1197561743
simulation1,62,93624209,,1741451896,1453059886,801914732,789684763
simulation1,63,1727146371,,1211802663,1449060285,1462777660,1374422791
simulation1,64,783392963,,208445131,1574110666,2013571521,1219214360
simulation1,65,120429390,,1079383680,1400891844,649810759,67030360
simulation1,66,1569363246,,109204607,181217453,309405037,401730095
simulation1,67,401675362,,664379068,471627792,1395117422,1444493681
simulation1,68,1074881679,,136482358,1920716132,911631275,1629381714
simulation1,69,1826327762,,777582064,78959502,1373669625,1652234052
simulation1,70,1778410564,,1823278720,355061007,587777058,1524768686
simulation1,71,2127269022,,451049255,956284096,181089546,781562945
simulation1,72,1349897401,,621394837,1122261702,602193805,168526493
simulation1,73,2023237514,,1934356462,175059304,1937878586,1703872742
simulation1,74,1875245980,,1189982699,1990262509,1522789572,895685448
simulation1,75,1480824338,,565715192,842647578,523243974,711779218
simulation1,76,199515608,,1617225700,2075402281,125405787,879869474
simulation1,77,1492312595,,684994252,1037586491,1346268035,700247139
simulation1,78,813406195,,331238542,1950974241,1059115639,2043117957
simulation1,79,434854679,,2036017469,559280377,1369064281,1363259087
simulation1,80,1966381688,,2096222711,1818602869,1382378413,521627068
simulation1,81,1906800033,,849975817,356133857,537432956,1068677622
simulation1,82,2090711393,,151427963,932743242,376178749,1498035351
simulation1,83,165887594,,944741528,1995177078,605133751,476497377
simulation1,84,1455068827,,1058008753,466109721,187697004,1493729718
simulation1,85,349732296,,4241628,1287327582,420944020,2010593555
simulation1,86,1279356420,,1854372170,1858350793,21491845,1842152083
simulation1,87,983463254,,305840331,39180018,1945687487,418999350
simulation1,88,307712953,,1873316946,496054454,1088340275,37810203
simulation1,89,1557924268,,1017966486,148649082,1619798979,1230160342
simulation1,90,108478183,,1445691062,492748569,838391492,184114942
simulation1,91,2071625534,,1919072190,919921836,32788674,225409234
simulation1,92,649682603,,1658973756,1410324857,1670098137,1268968828
simulation1,93,2109055816,,1870042712,1934069845,1476378948,1030212291
simulation1,94,1235864540,,745670850,93142893,281060505,295499611
simulation1,95,1728345045,,1591606844,803131104,1407779942,1126426865
simulation1,96,1711184645,,1694915934,569322309,1292772188,1042564273
simulation1,97,1643003077,,2126291213,1784930969,770557318,946233338
simulation1,98,1526966303,,1886928804,1138631082,1578499706,405809147
simulation1,99,97974225,,106867911,1789790829,853166204,1008503065
simulation1,100,1612528575,,1028786753,1648835332,1881405790,1509872053
simulation1,101,1167125778,,2074157947,542179103,748988765,1129360404
simulation1,102,230009588,,354451632,1853509608,1495797728,1733901406
simulation1,103,146287288,,1463939034,154488851,145997900,1895237000
simulation1,104,647744956,,849856618,635760082,633145707,552749931
simulation1,105,2085047304,,554095147,1963910391,1554329337,417613887
simulation1,106,1033151805,,1471951259,1510496983,2018257382,1826879756
simulation1,107,747889846,,1294481627,998101869,906882574,302128581
simulation1,108,727067107,,1501840711,689589842,1151994806,668859537
simulation1,109,2073786170,,1504445875,740593482,951454470,1602019902
simulation1,110,404552774,,1004086480,1848291042,677781179,2015820171
simulation1,111,208519739,,1569416448,1725263342,137470489,1660012865
simulation1,112,1495494020,,663390542,128962112,785618839,774262281
simulation1,113,311472434,,572561830,942053681,1576661937,1101241884
simulation1,114,1475832248,,958178928,1775317208,737162690,589606451
simulation1,115,1353829416,,1991881575,42089917,395925741,1080565490
simulation1,116,382355096,,1884202170,2025819400,77751728,1372929698
simulation1,117,1927248428,,1419450352,1447332073,1452762781,919399595
simulation1,118,1351432193,,1455925686,24083793,1290752333,1073815428
simulation1,119,725758349,,1642974649,159856165,1291190914,1664162906
simulation1,120,1237656570,,551470746,1420178576,1617231332,1159854264
simulation1,121,1856528644,,11287401,899534713,7036003,2127681693
simulation1,122,896879894,,1174024072,2077428716,1711279998,1652659018
simulation1,123,1867177062,,1197610625,313353736,1340582181,1222607278
simulation1,124,965034603,,58251306,765991756,1266477090,1312310791
simulation1,125,1891955625,,49745620,1751492794,1972703298,1529751487
simulation1,126,147542398,,1856792669,1222892143,193755258,377042274
simulation1,127,1499411053,,1561290626,1743878858,509667668,141189750
simulation1,128,70270210,,1158463595,1972520919,1145213876,649822844
simulation1,129,1957074229,,1628804385,182033345,447573878,1442651666
simulation1,130,1378194153,,454568688,546592087,914141857,443565228
simulation1,131,408474135,,1220638117,1786076671,235693149,1550290210
simulation1,132,1352896476,,1774633256,1353114473,776317732,796697973
simulation1,133,609350838,,377319652,884173692,22092625,726203294
simulation1,134,2022600969,,1411240388,430566899,1693910912,1176061315
simulation1,135,928612432,,43159202,895853814,1483197331,811179130
simulation1,136,55190686,,541835827,486939924,1463297504,548167027
simulation1,137,600053041,,1733624133,2065436972,1905991460,60241578
simulation1,138,766144738,,803461163,1258716981,859900460,1060693514
simulation1,139,1441319,,373318794,1493324974,85252283,964528750
simulation1,140,720676361,,71725607,1802080428,765243971,67799941
simulation1,141,994310177,,730753164,207059182,1847455290,1556310493
simulation1,142,835980799,,380434008,585570908,1643533054,1601261746
simulation1,143,1529342733,,1541194438,492321234,47596462,237699753
simulation1,144,1483063033,,1590983993,1930618871,1375463018,534970009
simulation1,145,1052022456,,1280980484,883658437,1233225816,1244295423
simulation1,146,1132060899,,1439382528,106944120,1398429664,1640238098
simulation1,147,1921776646,,1396356787,635182906,1616299999,1002776969
simulation1,148,1358701069,,1008891187,943724581,945532575,1702236088
simulation1,149,126859452,,1310687509,400733661,731903289,754610784
simulation1,150,445543678,,828547694,603271225,922985586,1481252858
simulation1,151,1381208112,,1422756011,583609880,604815846,473418294
simulation1,152,1000288909,,1723102045,473072514,1092506928,870247987
simulation1,153,162729780,,770422602,596985831,1972338118,1882895385
simulation1,154,1790355541,,1038855658,1798357190,853291808,1685939968
simulation1,155,1701844162,,1833445808,42027114,122616870,847170036
simulation1,156,1399242611,,920564356,59357580,570336514,1685081783
simulation1,157,1100193306,,988487461,1806120614,687484064,381768506
simulation1,158,1562148603,,255113390,206364414,853424409,1862140523
simulation1,159,1811968207,,916759343,20990245,2066427485,782067962
simulation1,160,638884845,,1874964635,230888439,1538671388,1840881661
simulation1,161,1138267348,,179093126,1623436673,1396177492,1105946727
simulation1,162,1315266093,,1153999975,219327025,1027579226,1305845972
simulation1,163,633493445,,1445104982,1378201059,1887310488,1988320402
simulation1,164,2110828418,,1429824657,1661041674,353570025,1949463339
simulation1,165,541822977,,163574126,453398435,2144612595,1815913773
simulation1,166,1850354560,,394973671,917598630,368941476,853614397
simulation1,167,52998315,,859516466,1427962771,2011391487,1176676192
simulation1,168,1433846235,,823348307,797503027,2030105169,2050270672
simulation1,169,1686591207,,394685206,652889217,1852767912,1320169739
simulation1,170,426843228,,2081554180,1306352080,743630986,1694918902
simulation1,171,1648969699,,324674933,50437145,1487344756,1589636642
simulation1,172,145675121,,335240270,1660371527,923784402,2131918295
simulation1,173,439611833,,1419312314,1363944734,525683676,859243
simulation1,174,1475860197,,1618269541,259242803,1260159588,1982037168
simulation1,175,783932064,,522946754,899975593,1067287602,195346451
simulation1,176,1939500735,,915154226,146862027,1419690572,464787431
simulation1,177,542765565,,705234581,1094454829,1058483007,1893297046
simulation1,178,1046823218,,1486629445,101493390,379073307,1937926930
simulation1,179,1583063015,,1188908960,1636503965,1162616841,1190429059
simulation1,180,1778765055,,1880862183,1046279913,1088880377,255071242
simulation1,181,303589898,,586221770,282918947,1863325122,425730896
simulation1,182,958351817,,1182678115,855289040,209962888,1112257686
simulation1,183,632660785,,1988240401,248299040,2086148774,935690203
simulation1,184,71321616,,1017128512,1625443635,1163608936,57326299
simulation1,185,1305399828,,864206859,620481532,885966855,460890487
simulation1,186,614001752,,1797309545,40509854,1490531207,236268574
simulation1,187,1196955773,,785921408,717765941,142996043,1184493430
simulation1,188,1388535947,,71009617,283124533,603527426,499918968
simulation1,189,381334794,,292900361,2035512488,574783962,830693743
simulation1,190,1057237985,,1113060080,1339989738,440515382,1385316021
simulation1,191,1397505906,,131635904,1206633685,1431755376,27421374
simulation1,192,1837557920,,1078205667,1536455572,1386568440,2950250
simulation1,193,391905693,,1981322488,1557004905,857521267,1181362682
simulation1,194,699227035,,272762256,1392915140,898145618,2002233114
simulation1,195,45074671,,1453122611,1811592245,844637396,804536371
simulation1,196,1026883766,,2129795167,1035379122,884326012,1019390358
simulation1,197,1245973577,,818999480,749247856,414488410,1791220551
simulation1,198,726522500,,1929442031,1387098600,321246676,875844046
simulation1,199,1903357907,,523453368,242995692,2000041122,686373302
simulation1,200,455681363,,813391097,1738788200,119975104,2012786930
simulation2,1,769960385,550933067,2000091555,721006063,2107915769,112808171
simulation2,2,1498606586,1868841392,1806142054,1030561711,1764774617,472510602
simulation2,3,1196460306,1637221572,1409735413,508829259,919738871,2079036487
simulation2,4,1337524881,994162305,461568144,1125662141,1350311160,1542496368
simulation2,5,216001557,1500923405,1778047633,491591909,1533326925,1625356867
simulation2,6,1365830970,181422561,688594334,505810848,942342176,1996249758
simulation2,7,900358213,497749617,2082561054,2140461999,1686210743,1379971629
simulation2,8,1396933091,455851639,397305405,99891833,499796641,841835214
simulation2,9,540113111,1828593307,2083024766,2089968545,48411277,93392448
simulation2,10,1834713203,632737259,357603177,148448464,1078020646,17750391
simulation2,11,2115403067,615296910,403398339,930792143,1150638476,1903721903
simulation2,12,563963683,100003089,2007153489,1971232365,740968664,1617441408
simulation2,13,727086225,1604047427,1168662517,2096632647,796886769,1641974350
simulation2,14,1609305408,1672943443,1479818134,1792896138,2035258552,233214020
simulation2,15,1207140624,1717541365,729942831,1793169578,111605237,1026935991
simulation2,16,2063128542,711997936,339969837,428822681,152358218,1424232351
simulation2,17,1602746826,708252929,1427611790,163120455,1307367753,505153548
simulation2,18,724132132,808517562,1413062555,754031306,836724078,5575557
simulation2,19,258594904,947678210,505785870,1286695167,2140344719,652308847
simulation2,20,2037419410,1982478961,2059654166,2036519071,237501967,2035798098
simulation2,21,850093895,1883817889,154161414,839659947,1233539876,1919499017
simulation2,22,1742703228,776691854,1882302020,1845016665,410393758,1243214504
simulation2,23,646826404,1564371018,945021422,123032619,594898330,455794197
simulation2,24,1701011266,1194130823,737095625,1891665221,1088675012,1825315472
simulation2,25,319933059,157993013,1689629761,1448200868,388291799,370731467
simulation2,26,1030402876,1252622651,969838720,1889451798,1766722883,1361102093
simulation2,27,2025190644,197707095,2054118028,2104438921,1312685261,1626878141
simulation2,28,1142368983,475236995,1572063996,823710217,1799297180,1416100107
simulation2,29,1917128254,1649597487,260222721,1945738078,104518931,1981669016
simulation2,30,1655813584,1422757930,220523133,1251050267,1812683296,1787568699
simulation2,31,1858131957,1158027559,570414941,866659670,2101191085,394400466
simulation2,32,1143265510,1193177934,454366727,500966107,1164413187,1135694649
simulation2,33,318686,276121376,1326910554,1700805076,955100555,850025503
simulation2,34,2078582908,1182310395,21941337,38396803,887196027,1946451945
simulation2,35,723368310,457345857,1846320499,1511508739,14109622,1098447522
simulation2,36,1418946291,80391531,610788805,1703736274,525555234,969174759
simulation2,37,551913633,1914965703,61021739,1956937494,62909087,281865948
simulation2,38,416315201,1619850378,660260770,23620735,1882454220,269256787
simulation2,39,458399226,1199936638,352363758,5606428,1512206093,1820982830
simulation2,40,869617572,421266180,1228639961,1344393405,709869834,672429835
simulation2,41,896123314,1048406591,1674739721,580632980,1914633802,340043133
simulation2,42,1225630600,1621159262,1023130683,1358978503,1722649881,847033476
simulation2,43,1354107780,1174634466,494091533,1304824940,1840900462,249136356
simulation2,44,2102622447,2073051591,1583639601,350661247,501279103,586267654
simulation2,45,746391958,2103716874,1617640216,866833424,1308444607,1978902551
simulation2,46,1753445585,718320863,839003968,1196256885,154858759,399144534
simulation2,47,1471143729,1239206365,1044109939,644739032,278991260,1412691890
simulation2,48,1900916418,2040434811,2087274863,1258761653,341557166,2144824183
simulation2,49,907284343,634182901,1253353758,774347266,696504233,433498799
simulation2,50,1617276420,1152281181,1084214384,221052526,1621631382,1254642497
simulation2,51,1913059421,123840065,872632081,333180612,2007267331,1492602570
simulation2,52,1557621832,131025394,1924365585,120181555,1304637417,1726725995
simulation2,53,975889287,117241265,666168015,924809067,1973829294,719267302
simulation2,54,768681016,1014712526,1125644491,2041269465,620234574,1946214385
simulation2,55,1011180921,1044220142,110380111,27221873,2037175149,1079402369
simulation2,56,1278561179,586348537,2134541980,518123130,1826725461,2014704434
simulation2,57,1073902606,243354573,665154774,257028192,1669150908,1700834427
simulation2,58,1019850389,1796507190,1127800682,1687899819,2105616572,579354752
simulation2,59,1368625190,655864258,607859463,1745803598,452750969,427106043
simulation2,60,730207550,1951398885,222657753,1423779346,1877310469,729918782
simulation2,61,1456391531,1269281630,691441655,2120629703,2068836441,2133249413
simulation2,62,549307543,2136288378,1340682184,1115861915,1513541299,1825983776
simulation2,63,1582146161,235906044,1781602188,1528324265,53948490,297533256
simulation2,64,161410411,1357436881,1535174640,1913520030,959707424,192200506
simulation2,65,486911739,795244847,1771159120,1388322849,542806309,388933228
simulation2,66,1292357294,764876730,1533043756,1340418301,673752364,1243778216
simulation2,67,46858455,1299236686,1797613933,1752260829,58157591,633635125
simulation2,68,308393641,1870901605,448091349,470860798,1887546128,1867182963
simulation2,69,2009285849,1108756831,1930686398,117874451,1208120052,1327885255
simulation2,70,1713532761,1722073700,534268868,208664207,164188626,1866069465
simulation2,71,1293897915,202196314,1600246544,1900895692,1871424268,832912537
simulation2,72,215402504,290856690,444017004,1223768345,2015683245,40521221
simulation2,73,1230893229,1352180036,988466376,1846236983,1010180239,1268564616
simulation2,74,1521361826,621217906,1798422018,797749183,1212961214,1062390554
simulation2,75,1695985985,515107345,1487150143,576132374,1213824035,362365407
simulation2,76,1956364163,655278673,1445109534,786262335,1439666859,1099371064
simulation2,77,1466190746,17632689,1911422224,2100840072,1681405692,359198651
simulation2,78,1316822182,655706101,2120120487,2030536786,575620802,1262085258
simulation2,79,1203114865,141802669,1573607901,807110237,2052625977,1079585457
simulation2,80,1165213156,578559911,1327859646,456697791,1608829950,2121920118
simulation2,81,1678402689,1277558269,974502878,732412731,1265991352,2039450719
simulation2,82,1879725638,46186991,1919903993,609327041,1914694965,604913725
simulation2,83,1539625337,1111518498,1790084465,1210280172,317128471,1721077329
simulation2,84,781062938,570453695,70514178,473318798,1000726233,874890572
simulation2,85,509381517,1578058260,115250512,387916569,2011085644,1726015453
simulation2,86,146838596,1938974665,455169590,2112124755,1408931003,1936786733
simulation2,87,1164586718,1651314813,692317478,224363266,95767703,1260038107
simulation2,88,1538158461,961724874,2090200462,71955025,69227592,1845170139
simulation2,89,472988857,1832581817,120002695,1426840597,168074466,1894951814
simulation2,90,1535677522,173393669,250436778,117765259,1848410715,1150325693
simulation2,91,1605409880,591380525,896795180,1921914973,1385367207,48555537
simulation2,92,392394077,1646688603,567675882,359321743,283991942,1470638586
simulation2,93,2116796714,1215302699,1578263336,934626958,615994907,174882894
simulation2,94,1923286482,538099063,1923349405,1253825120,215934071,2092172630
simulation2,95,1292761122,325120184,1378851189,1234631286,1376682267,1459311944
simulation2,96,1283874486,1043243272,1660586687,2110350259,1236717682,1013783827
simulation2,97,637746800,365031715,951599569,1929569544,504049915,1919805268
simulation2,98,1660202101,151874292,720781684,101310200,1011422768,644312192
simulation2,99,272904254,899893758,950426132,1500498441,1523439769,67973230
simulation2,100,575538205,1693074905,496415070,553119585,1983452475,1295738826
simulation2,101,1756581818,493289062,444188423,121638563,504736748,1185791313
simulation2,102,1698627507,888725101,2003671308,378932023,1157218970,1768186783
simulation2,103,2072812125,882031731,561736087,548360202,402063292,254380416
simulation2,104,489812613,463231646,1188553390,332017907,89732612,1210739313
simulation2,105,1555247897,717182471,1445542333,1692674260,896314612,330480421
simulation2,106,993858851,870170016,378418663,1602168661,1082917440,136004669
simulation2,107,219461833,1152907027,66655246,563660729,306640006,1149303425
simulation2,108,678271646,615285065,1966125064,77129733,559236950,1268067567
simulation2,109,1901576224,1357057553,1027994281,540460588,1268988304,729302620
simulation2,110,1830591665,831584156,1858091742,650124935,122645844,798173989
simulation2,111,1566602664,736657522,1988012594,2069483623,1900557250,1466387025
simulation2,112,1446280581,331915052,126114856,1211977303,732624007,621481430
simulation2,113,186836044,1111113524,1072072258,2077495063,2052549545,149399259
simulation2,114,1484997398,1033867349,2074402665,66352244,1684237768,2096552269
simulation2,115,85102238,1004721709,1405554926,1494248222,434854770,1795994639
simulation2,116,364512427,192226637,1905502863,547909080,457475935,1803293933
simulation2,117,1142966582,1026083506,254655372,1610530640,1737680957,1951971010
simulation2,118,1326305741,1388730017,805516687,341716971,1452611022,960540454
simulation2,119,473163826,757143636,707800814,2115567228,1508587829,1754932746
simulation2,120,1554805636,911686590,828392672,1899085456,155133680,2117871899
simulation2,121,179487876,1655805167,470546420,1290676479,346417713,233846360
simulation2,122,933154518,320756571,1932037658,25728061,1289477491,1396881437
simulation2,123,128272566,1797125075,1292042149,1726602939,1721387692,199390052
simulation2,124,488484673,794841703,1487019581,534166797,1373218646,1964620174
simulation2,125,1640376342,2093027032,1725153090,1131492523,581629121,2021559616
simulation2,126,1132711421,1435175661,1013235266,1117090141,559105406,1628820644
simulation2,127,600934800,242882969,950956839,1050884034,1901972691,1932864611
simulation2,128,103048733,1908064300,434546531,1278007141,841286035,1540441855
simulation2,129,1168217032,895335314,625770968,163090861,1357613936,574861380
simulation2,130,1950594703,1823993492,855059463,237280484,2050663347,2108812142
simulation2,131,1679227746,1945417752,375166935,1564313810,1328943306,2110027338
simulation2,132,6471194,1601052647,914837070,1887907973,1540691400,1567546260
simulation2,133,579508896,976262256,1123606351,1914572615,2063142436,1125201939
simulation2,134,2013443889,1350711454,654329679,2062375743,97928812,742527938
simulation2,135,2047321045,1972449089,1305559238,136812225,1862831331,1393121543
simulation2,136,1007956607,1894724126,1213137680,753027584,1749292118,104451824
simulation2,137,895549171,65365280,1411356514,1681128751,2096358219,1624399936
simulation2,138,1714414164,824042772,1150280529,127989006,48848596,1197738967
simulation2,139,65556528,854037427,1060950668,1096230858,287225537,665042023
simulation2,140,1397863069,411600049,82417249,337939287,385549931,172177729
simulation2,141,372312137,562332815,295947229,2059906076,1163986747,943472695
simulation2,142,378127119,1222429671,467637312,120804943,960078355,974017393
simulation2,143,1973280421,1446056540,1993650474,1612212149,1960580234,1205211815
simulation2,144,1937704604,1640829316,335730976,544189673,780550805,1207195401
simulation2,145,1608139381,1668892450,168172675,696007707,2085796564,1793646589
simulation2,146,1321010848,1877519325,458871960,1960044633,1758296702,630873846
simulation2,147,800966878,1659535777,2139643646,486397484,1145327552,513502738
simulation2,148,1592523580,452176855,1806574924,1551665308,651354946,756213064
simulation2,149,563752826,1793057190,1234410332,274366912,257495628,838454722
simulation2,150,1796331053,673579283,734228102,533843756,1174583376,1289957636
simulation2,151,471811416,674979953,1143471195,70483839,616107292,780466609
simulation2,152,2147336818,320605528,1860381566,2147366257,1450195549,652915321
simulation2,153,421890725,87459050,532243732,1239302944,75412590,1166613528
simulation2,154,1313668592,355193195,139283410,2030397779,1808511999,845912423
simulation2,155,419988545,1079520246,836464046,892280967,1847018041,285139977
simulation2,156,2107047607,226910162,921814552,1962993057,1239007542,1850546910
simulation2,157,610399623,1198383557,1509562930,2068810901,368481603,99733986
simulation2,158,697387167,1823925370,255849547,634989237,1813179726,2101111486
simulation2,159,1353895171,1327779800,1079313147,216616143,1527980692,1986006770
simulation2,160,501958753,449853347,1062137358,1519967078,256923015,1365358456
simulation2,161,972464881,1677410028,91859255,432547645,387902816,1017331571
simulation2,162,432954954,1010131486,599704139,2081900617,187846864,1369977177
simulation2,163,620125788,931804409,79055798,1807238805,2111541118,1482256358
simulation2,164,511156437,764128023,534810200,305154113,176285692,311661647
simulation2,165,2066494161,870821196,1091463020,940501090,510970424,44372431
simulation2,166,1475502474,928030164,1300479049,265837071,475017584,2132215442
simulation2,167,864608502,37563783,1121355383,2026745511,1390156245,479534807
simulation2,168,306745971,399903555,1847019955,737264147,623901716,732346901
simulation2,169,1615158568,1617579038,158402375,498161387,1464335366,1620577250
simulation2,170,421664779,1561756153,1106654496,2034308287,1721035005,203103330
simulation2,171,1738923134,432538423,1196741693,2018463483,23176260,221142525
simulation2,172,476308689,824883476,388110581,1970978809,2003949335,1667336814
simulation2,173,88401319,1030246864,816866274,1086576094,1863580762,1645267991
simulation2,174,1896828323,793407729,83094873,800561397,887716549,716632860
simulation2,175,120638671,2086956606,1985482164,59987720,269873416,2002463185
simulation2,176,116229196,1307885334,844161242,260544694,928347713,2074262222
simulation2,177,872029388,421307036,1492594754,770491040,1394022858,862778305
simulation2,178,1631020441,945652014,1877557307,365787719,364260270,423126406
simulation2,179,939317954,668763868,1067807627,903795413,87599149,313358740
simulation2,180,437180957,2086481636,1271209594,771027360,1534375893,1876350987
simulation2,181,1023985475,340989849,57537213,353633529,1027162750,1855477259
simulation2,182,1111102467,386209866,1552372032,311742817,659803717,1058943045
simulation2,183,37327844,108556119,1576887053,1349280208,1201201889,1495220218
simulation2,184,147900186,986485332,409488507,1004907912,2015749369,1134980416
simulation2,185,1722238980,1302071489,1404506264,1453380332,1459727298,369403085
simulation2,186,132561668,1053235334,1418938230,1736794025,936674510,169775313
simulation2,187,2057260617,1634291547,591894370,741934585,1399758439,1677014914
simulation2,188,2083415830,60221504,816840877,1247584109,543385571,1549191772
simulation2,189,60364241,1742031958,410294339,934236351,353816008,872923074
simulation2,190,2001578101,1071485635,684935312,1771735843,1725597578,1348367591
simulation2,191,1080529260,370196008,1815233987,625175801,1426940988,999688616
simulation2,192,1399919447,1252187741,1909460938,2005527243,1209570479,2033825628
simulation2,193,490605344,1768141771,967594916,118030827,1843253719,1811900784
simulation2,194,1825760434,995321863,1449104063,1992512483,496633603,1106692657
simulation2,195,730979772,1118147302,1806784033,1525738697,1160087089,1945511326
simulation2,196,854138335,1680366361,316480858,1848952876,1670937376,1455254786
simulation2,197,88587029,1939732892,909780118,491623407,1934125639,1292909982
simulation2,198,1671564363,396297080,162508117,916438853,1292426034,2124888489
simulation2,199,553887056,984172725,1296956583,363006603,1069399991,9730593
simulation2,200,722099720,2133149315,1631526522,483553950,1849490780,715055575
